{"ServerStampedChecksum":"C8_bTCCfBs0s2fVf2v3vMWEpcmOczYtJNLn2JLIEF5KGqY=","ServerPerFileChecksums":{".gitignore":"C8_VaC8EcEG56Ufcy1DFyC8Ky19iV9xSsXMDIAcmF2GTj8=","AppCheckerResult.sarif":"C8_3RGxEZr4lJP7BvU0rBr4oL7x\u002BQxeB18m5QfYOmUd5cI=","Assets\\Images\\0fac830d-6ba0-4b71-8230-17a6ac9d5874.png":"C8_dXFqySMdxax87yPUPkStQ0kYJbq\u002B\u002BZiEiC6yC4oGqgQ=","Assets\\Images\\284565e6-16dd-4e79-8fed-d5b5646baecd.png":"C8_cItnQj0BIiBc3m1VtJVXyU9ReFP3\u002B29srEoOCiabmMU=","Assets\\Images\\49853bb3-6732-4aad-bd16-ee7d7404a0f4.png":"C8_e5qJDuWvb0tvFIZJ1WEdb\u002BIMF2E7sDyowLMaoyB8wRI=","Assets\\Images\\86338364-3eef-4727-9257-f74f99fc79e0.png":"C8_EEf9jo4FVIdxn8nTzwd1zcrLFVGVaGIE69phfJd7yKQ=","Controls\\1.json":"C8_RiiorVyLTRyFk4XVibTAXKLvcC2PNJThfWHWArELGVk=","Controls\\116.json":"C8_8XMSE45L7u8KLfvRclSuf02ACWzCEKPB/1nh/c\u002Bse7s=","Controls\\128.json":"C8_Cn9AU8Emz58RRtdV\u002Bf7k2LMdcj06gpqmIVJoKJFe\u002BrI=","Controls\\141.json":"C8_x9WmumdaRrnjkSflv7L/QcMZgAZrrEy9YnQnSN6JFNk=","Controls\\152.json":"C8_BfNuxm92RjhlM81S7WYR0k54sLinB7QwmiOYqOI\u002BJTY=","Controls\\153.json":"C8_67iMFyLcP\u002Bkuu1aUPqV2VWZL3Ec3cMiAoPJE6ukt2xI=","Controls\\169.json":"C8_kgVWp9Q6qwQ9rS8mp/B9UmRDKKSCM0\u002B\u002BAnfl8FDb8V4=","Controls\\19.json":"C8_ae9dFHGqSF89/bbHFO5DtMKxD1WoAIXDQkSFBfmzX3Y=","Controls\\203.json":"C8_IeqPgUc8JQa3wASXO6PN2Ww\u002BXgqYxg34EXQXkdK5X4M=","Controls\\3.json":"C8_VrfYYxl3USaKaerSt159kcsrrDysz0\u002Bt4d0LKlGGv8I=","Controls\\50.json":"C8_X9X7oCbhrXrs5TrJdxZRTwdNBVvdrraJyFI6HEIqae8=","Controls\\91.json":"C8_HY70g8RVHCyxrfbiwXa3C29NG6atkQ1IywCNEzDXqEg=","Header.json":"C8_vibw4a4XIY\u002BLtO8C\u002Bx1kBsoFh0GAdmlBYsDX0LZU8Uw=","Properties.json":"C8_rr24HYQ0wyEKwwiG9GvQr05poVjuYh2g\u002BmMSuSaEJAg=","References\\AuxDataMap.json":"C8_2Ws3Gr2es4uDsSCWl\u002BWwV0jxBSrwh1U/GB1LIUnWg/Q=","References\\DataSources.json":"C8_LVjFmYOl9hS7uGF0P\u002BLlBzbFZs6gPSBuXncmUIP3JEs=","References\\ModernThemes.json":"C8_KDQJ/3t27vgKx25iCQB/PGqxkWE34ZB7Eyb\u002BRxNxY0k=","References\\Resources.json":"C8_/d4wnfAff0UI4lAI/q1Wgr9DHWV7qV7Al4/2EpK4kLQ=","References\\Templates.json":"C8_1XuP\u002B\u002B12ZmbyvwNLp5K0BqS3JsJA3wmCjRD8o66QOEk=","References\\Themes.json":"C8_s2fJBxpmaZ9X\u002BYV5Y1J3Hh\u002BysQmBsRvE0V\u002BM\u002B8dDzu8=","Resources\\1cql2o0o.jpg":"C8_QVB9roKUvWmwNqJmAOeYkamJY8/wMYqMspsyI0wjRb8=","Resources\\PublishInfo.json":"C8_CzzNO70/N6nH3jsFusfe3nPLWUSqkh\u002Bzu0IFsgIpui4="}}