{
  "TopParent": {
    "Type": "ControlInfo",
    "Name": "MainScreen_revision_V2",
    "Template": {
      "Id": "http://microsoft.com/appmagic/screen",
      "Version": "1.0",
      "LastModifiedTimestamp": "0",
      "Name": "screen",
      "FirstParty": true,
      "IsPremiumPcfControl": false,
      "IsCustomGroupControlTemplate": false,
      "CustomGroupControlTemplateName": "",
      "IsComponentDefinition": false,
      "OverridableProperties": {}
    },
    "Index": 6,
    "PublishOrderIndex": 0,
    "VariantName": "",
    "LayoutName": "",
    "MetaDataIDKey": "",
    "PersistMetaDataIDKey": false,
    "IsFromScreenLayout": false,
    "StyleName": "defaultScreenStyle",
    "Parent": "",
    "IsDataControl": false,
    "AllowAccessToGlobals": true,
    "OptimizeForDevices": "Off",
    "IsGroupControl": false,
    "IsAutoGenerated": false,
    "Rules": [
      {
        "Property": "BackgroundImage",
        "Category": "Data",
        "InvariantScript": "",
        "RuleProviderType": "Unknown"
      },
      {
        "Property": "Width",
        "Category": "Design",
        "InvariantScript": "Max(App.Width, App.MinScreenWidth)",
        "RuleProviderType": "Unknown"
      },
      {
        "Property": "Height",
        "Category": "Design",
        "InvariantScript": "Max(App.Height, App.MinScreenHeight)",
        "RuleProviderType": "Unknown"
      },
      {
        "Property": "ImagePosition",
        "Category": "Design",
        "InvariantScript": "ImagePosition.Fill",
        "RuleProviderType": "Unknown"
      },
      {
        "Property": "Fill",
        "Category": "Design",
        "InvariantScript": "RGBA(239, 243, 246, 1)",
        "RuleProviderType": "Unknown"
      },
      {
        "Property": "LoadingSpinner",
        "Category": "Design",
        "InvariantScript": "LoadingSpinner.None",
        "RuleProviderType": "Unknown"
      },
      {
        "Property": "LoadingSpinnerColor",
        "Category": "Design",
        "InvariantScript": "RGBA(68, 57, 38, 1)",
        "RuleProviderType": "Unknown"
      },
      {
        "Property": "Size",
        "Category": "Design",
        "InvariantScript": "1 + CountRows(App.SizeBreakpoints) - CountIf(App.SizeBreakpoints, Value >= Self.Width)",
        "RuleProviderType": "Unknown"
      },
      {
        "Property": "Orientation",
        "Category": "Design",
        "InvariantScript": "If(Self.Width < Self.Height, Layout.Vertical, Layout.Horizontal)",
        "RuleProviderType": "Unknown"
      }
    ],
    "ControlPropertyState": [
      {
        "InvariantPropertyName": "Fill",
        "AutoRuleBindingEnabled": false,
        "AutoRuleBindingString": "",
        "NameMapSourceSchema": "?",
        "IsLockable": false,
        "AFDDataSourceName": ""
      },
      {
        "InvariantPropertyName": "ImagePosition",
        "AutoRuleBindingEnabled": false,
        "AutoRuleBindingString": "",
        "NameMapSourceSchema": "?",
        "IsLockable": false,
        "AFDDataSourceName": ""
      },
      "Height",
      "Width",
      "Size",
      "Orientation",
      "LoadingSpinner",
      "LoadingSpinnerColor",
      {
        "InvariantPropertyName": "BackgroundImage",
        "AutoRuleBindingEnabled": false,
        "AutoRuleBindingString": "",
        "NameMapSourceSchema": "?",
        "IsLockable": false,
        "AFDDataSourceName": ""
      }
    ],
    "IsLocked": false,
    "ControlUniqueId": "141",
    "Children": [
      {
        "Type": "ControlInfo",
        "Name": "Rectangle3_1",
        "HasDynamicProperties": false,
        "Template": {
          "Id": "http://microsoft.com/appmagic/shapes/rectangle",
          "Version": "2.3.0",
          "LastModifiedTimestamp": "0",
          "Name": "rectangle",
          "FirstParty": true,
          "IsPremiumPcfControl": false,
          "IsCustomGroupControlTemplate": false,
          "CustomGroupControlTemplateName": "",
          "IsComponentDefinition": false,
          "OverridableProperties": {}
        },
        "Index": 0,
        "PublishOrderIndex": 109,
        "VariantName": "",
        "LayoutName": "",
        "MetaDataIDKey": "",
        "PersistMetaDataIDKey": false,
        "IsFromScreenLayout": false,
        "StyleName": "defaultRectangleStyle",
        "Parent": "MainScreen_revision_V2",
        "IsDataControl": false,
        "AllowAccessToGlobals": true,
        "OptimizeForDevices": "Off",
        "IsGroupControl": false,
        "IsAutoGenerated": false,
        "Rules": [
          {
            "Property": "Fill",
            "Category": "Design",
            "InvariantScript": "RGBA(75  , 100, 150, 1)",
            "RuleProviderType": "User"
          },
          {
            "Property": "DisabledFill",
            "Category": "Design",
            "InvariantScript": "Self.Fill",
            "RuleProviderType": "Unknown"
          },
          {
            "Property": "PressedFill",
            "Category": "Design",
            "InvariantScript": "Self.Fill",
            "RuleProviderType": "Unknown"
          },
          {
            "Property": "HoverFill",
            "Category": "Design",
            "InvariantScript": "Self.Fill",
            "RuleProviderType": "Unknown"
          },
          {
            "Property": "BorderColor",
            "Category": "Design",
            "InvariantScript": "RGBA( 3, 1)",
            "RuleProviderType": "User"
          },
          {
            "Property": "BorderStyle",
            "Category": "Design",
            "InvariantScript": "BorderStyle.Solid",
            "RuleProviderType": "Unknown"
          },
          {
            "Property": "FocusedBorderColor",
            "Category": "Design",
            "InvariantScript": "Self.BorderColor",
            "RuleProviderType": "Unknown"
          },
          {
            "Property": "DisplayMode",
            "Category": "Design",
            "InvariantScript": "DisplayMode.Edit",
            "RuleProviderType": "Unknown"
          },
          {
            "Property": "X",
            "Category": "Design",
            "InvariantScript": "0",
            "RuleProviderType": "Unknown"
          },
          {
            "Property": "Y",
            "Category": "Design",
            "InvariantScript": "0",
            "RuleProviderType": "Unknown"
          },
          {
            "Property": "Width",
            "Category": "Design",
            "InvariantScript": "639",
            "RuleProviderType": "Unknown"
          },
          {
            "Property": "Height",
            "Category": "Design",
            "InvariantScript": "106",
            "RuleProviderType": "Unknown"
          },
          {
            "Property": "ZIndex",
            "Category": "Design",
            "InvariantScript": "7",
            "RuleProviderType": "Unknown"
          },
          {
            "Property": "BorderThickness",
            "Category": "Design",
            "InvariantScript": "3",
            "RuleProviderType": "Unknown"
          },
          {
            "Property": "FocusedBorderThickness",
            "Category": "Design",
            "InvariantScript": "2",
            "RuleProviderType": "Unknown"
          }
        ],
        "ControlPropertyState": [
          {
            "InvariantPropertyName": "Fill",
            "AutoRuleBindingEnabled": false,
            "AutoRuleBindingString": "RGBA(68, 57, 38, 1)",
            "NameMapSourceSchema": "?",
            "IsLockable": false,
            "AFDDataSourceName": ""
          },
          "DisabledFill",
          "PressedFill",
          "HoverFill",
          {
            "InvariantPropertyName": "BorderColor",
            "AutoRuleBindingEnabled": false,
            "AutoRuleBindingString": "RGBA(119, 77, 3, 1)",
            "NameMapSourceSchema": "?",
            "IsLockable": false,
            "AFDDataSourceName": ""
          },
          "BorderStyle",
          "FocusedBorderColor",
          "DisplayMode",
          "X",
          "Y",
          "Width",
          "Height",
          "ZIndex",
          {
            "InvariantPropertyName": "BorderThickness",
            "AutoRuleBindingEnabled": false,
            "AutoRuleBindingString": "0",
            "NameMapSourceSchema": "?",
            "IsLockable": false,
            "AFDDataSourceName": ""
          },
          "FocusedBorderThickness"
        ],
        "IsLocked": false,
        "ControlUniqueId": "142",
        "Children": []
      },
      {
        "Type": "ControlInfo",
        "Name": "Image2_1",
        "HasDynamicProperties": false,
        "Template": {
          "Id": "http://microsoft.com/appmagic/image",
          "Version": "2.2.3",
          "LastModifiedTimestamp": "0",
          "Name": "image",
          "FirstParty": true,
          "IsPremiumPcfControl": false,
          "IsCustomGroupControlTemplate": false,
          "CustomGroupControlTemplateName": "",
          "IsComponentDefinition": false,
          "OverridableProperties": {}
        },
        "Index": 0,
        "PublishOrderIndex": 110,
        "VariantName": "",
        "LayoutName": "",
        "MetaDataIDKey": "",
        "PersistMetaDataIDKey": false,
        "IsFromScreenLayout": false,
        "StyleName": "defaultImageStyle",
        "Parent": "MainScreen_revision_V2",
        "IsDataControl": false,
        "AllowAccessToGlobals": true,
        "OptimizeForDevices": "Off",
        "IsGroupControl": false,
        "IsAutoGenerated": false,
        "Rules": [
          {
            "Property": "Image",
            "Category": "Data",
            "InvariantScript": "official_State_department_logo_circle_transparent_corrected",
            "RuleProviderType": "Unknown"
          },
          {
            "Property": "ImagePosition",
            "Category": "Design",
            "InvariantScript": "ImagePosition.Fit",
            "RuleProviderType": "Unknown"
          },
          {
            "Property": "ImageRotation",
            "Category": "Design",
            "InvariantScript": "ImageRotation.None",
            "RuleProviderType": "Unknown"
          },
          {
            "Property": "X",
            "Category": "Design",
            "InvariantScript": "0",
            "RuleProviderType": "Unknown"
          },
          {
            "Property": "Y",
            "Category": "Design",
            "InvariantScript": "7",
            "RuleProviderType": "Unknown"
          },
          {
            "Property": "Width",
            "Category": "Design",
            "InvariantScript": "639",
            "RuleProviderType": "Unknown"
          },
          {
            "Property": "Height",
            "Category": "Design",
            "InvariantScript": "92",
            "RuleProviderType": "Unknown"
          },
          {
            "Property": "Fill",
            "Category": "Design",
            "InvariantScript": "RGBA(0, 0, 0, 0)",
            "RuleProviderType": "Unknown"
          },
          {
            "Property": "DisabledFill",
            "Category": "Design",
            "InvariantScript": "RGBA(244, 244, 244, 1)",
            "RuleProviderType": "Unknown"
          },
          {
            "Property": "PressedFill",
            "Category": "Design",
            "InvariantScript": "ColorFade(Self.Fill, -20%)",
            "RuleProviderType": "Unknown"
          },
          {
            "Property": "HoverFill",
            "Category": "Design",
            "InvariantScript": "ColorFade(Self.Fill, 20%)",
            "RuleProviderType": "Unknown"
          },
          {
            "Property": "BorderColor",
            "Category": "Design",
            "InvariantScript": "RGBA(119, 77, 3, 1)",
            "RuleProviderType": "Unknown"
          },
          {
            "Property": "DisabledBorderColor",
            "Category": "Design",
            "InvariantScript": "RGBA(166, 166, 166, 1)",
            "RuleProviderType": "Unknown"
          },
          {
            "Property": "PressedBorderColor",
            "Category": "Design",
            "InvariantScript": "ColorFade(Self.BorderColor, -20%)",
            "RuleProviderType": "Unknown"
          },
          {
            "Property": "HoverBorderColor",
            "Category": "Design",
            "InvariantScript": "ColorFade(Self.BorderColor, 20%)",
            "RuleProviderType": "Unknown"
          },
          {
            "Property": "FocusedBorderColor",
            "Category": "Design",
            "InvariantScript": "Self.BorderColor",
            "RuleProviderType": "Unknown"
          },
          {
            "Property": "BorderStyle",
            "Category": "Design",
            "InvariantScript": "BorderStyle.Solid",
            "RuleProviderType": "Unknown"
          },
          {
            "Property": "DisplayMode",
            "Category": "Design",
            "InvariantScript": "DisplayMode.Edit",
            "RuleProviderType": "Unknown"
          },
          {
            "Property": "ZIndex",
            "Category": "Design",
            "InvariantScript": "9",
            "RuleProviderType": "Unknown"
          },
          {
            "Property": "RadiusTopLeft",
            "Category": "Design",
            "InvariantScript": "0",
            "RuleProviderType": "Unknown"
          },
          {
            "Property": "RadiusTopRight",
            "Category": "Design",
            "InvariantScript": "0",
            "RuleProviderType": "Unknown"
          },
          {
            "Property": "RadiusBottomLeft",
            "Category": "Design",
            "InvariantScript": "0",
            "RuleProviderType": "Unknown"
          },
          {
            "Property": "RadiusBottomRight",
            "Category": "Design",
            "InvariantScript": "0",
            "RuleProviderType": "Unknown"
          },
          {
            "Property": "BorderThickness",
            "Category": "Design",
            "InvariantScript": "0",
            "RuleProviderType": "Unknown"
          },
          {
            "Property": "FocusedBorderThickness",
            "Category": "Design",
            "InvariantScript": "2",
            "RuleProviderType": "Unknown"
          },
          {
            "Property": "PaddingTop",
            "Category": "Design",
            "InvariantScript": "0",
            "RuleProviderType": "Unknown"
          },
          {
            "Property": "PaddingRight",
            "Category": "Design",
            "InvariantScript": "0",
            "RuleProviderType": "Unknown"
          },
          {
            "Property": "PaddingBottom",
            "Category": "Design",
            "InvariantScript": "0",
            "RuleProviderType": "Unknown"
          },
          {
            "Property": "PaddingLeft",
            "Category": "Design",
            "InvariantScript": "0",
            "RuleProviderType": "Unknown"
          }
        ],
        "ControlPropertyState": [
          {
            "InvariantPropertyName": "Image",
            "AutoRuleBindingEnabled": false,
            "AutoRuleBindingString": "SampleImage",
            "NameMapSourceSchema": "?",
            "IsLockable": false,
            "AFDDataSourceName": ""
          },
          "ImagePosition",
          "ImageRotation",
          "X",
          "Y",
          "Width",
          "Height",
          "Fill",
          "DisabledFill",
          "PressedFill",
          "HoverFill",
          "BorderColor",
          "DisabledBorderColor",
          "PressedBorderColor",
          "HoverBorderColor",
          "FocusedBorderColor",
          "BorderStyle",
          "DisplayMode",
          "ZIndex",
          "RadiusTopLeft",
          "RadiusTopRight",
          "RadiusBottomLeft",
          "RadiusBottomRight",
          "BorderThickness",
          "FocusedBorderThickness",
          "PaddingTop",
          "PaddingRight",
          "PaddingBottom",
          "PaddingLeft"
        ],
        "IsLocked": false,
        "ControlUniqueId": "143",
        "Children": []
      },
      {
        "Type": "ControlInfo",
        "Name": "Label1_3",
        "HasDynamicProperties": false,
        "Template": {
          "Id": "http://microsoft.com/appmagic/label",
          "Version": "2.5.1",
          "LastModifiedTimestamp": "0",
          "Name": "label",
          "FirstParty": true,
          "IsPremiumPcfControl": false,
          "IsCustomGroupControlTemplate": false,
          "CustomGroupControlTemplateName": "",
          "IsComponentDefinition": false,
          "OverridableProperties": {}
        },
        "Index": 0,
        "PublishOrderIndex": 111,
        "VariantName": "",
        "LayoutName": "",
        "MetaDataIDKey": "",
        "PersistMetaDataIDKey": false,
        "IsFromScreenLayout": false,
        "StyleName": "defaultLabelStyle",
        "Parent": "MainScreen_revision_V2",
        "IsDataControl": false,
        "AllowAccessToGlobals": true,
        "OptimizeForDevices": "Off",
        "IsGroupControl": false,
        "IsAutoGenerated": false,
        "Rules": [
          {
            "Property": "Live",
            "Category": "Data",
            "InvariantScript": "Live.Off",
            "RuleProviderType": "Unknown"
          },
          {
            "Property": "Text",
            "Category": "Data",
            "InvariantScript": "\"MISSION TÜRKİYE GUIDE\n\"",
            "RuleProviderType": "Unknown"
          },
          {
            "Property": "Role",
            "Category": "Data",
            "InvariantScript": "TextRole.Default",
            "RuleProviderType": "Unknown"
          },
          {
            "Property": "Overflow",
            "Category": "Design",
            "InvariantScript": "Overflow.Hidden",
            "RuleProviderType": "Unknown"
          },
          {
            "Property": "Color",
            "Category": "Design",
            "InvariantScript": "RGBA(0, 0, 0, 1)",
            "RuleProviderType": "Unknown"
          },
          {
            "Property": "DisabledColor",
            "Category": "Design",
            "InvariantScript": "RGBA(166, 166, 166, 1)",
            "RuleProviderType": "Unknown"
          },
          {
            "Property": "PressedColor",
            "Category": "Design",
            "InvariantScript": "Self.Color",
            "RuleProviderType": "Unknown"
          },
          {
            "Property": "HoverColor",
            "Category": "Design",
            "InvariantScript": "Self.Color",
            "RuleProviderType": "Unknown"
          },
          {
            "Property": "BorderColor",
            "Category": "Design",
            "InvariantScript": "RGBA(119, 77, 3, 1)",
            "RuleProviderType": "Unknown"
          },
          {
            "Property": "DisabledBorderColor",
            "Category": "Design",
            "InvariantScript": "RGBA(56, 56, 56, 1)",
            "RuleProviderType": "Unknown"
          },
          {
            "Property": "PressedBorderColor",
            "Category": "Design",
            "InvariantScript": "Self.BorderColor",
            "RuleProviderType": "Unknown"
          },
          {
            "Property": "HoverBorderColor",
            "Category": "Design",
            "InvariantScript": "Self.BorderColor",
            "RuleProviderType": "Unknown"
          },
          {
            "Property": "BorderStyle",
            "Category": "Design",
            "InvariantScript": "BorderStyle.Solid",
            "RuleProviderType": "Unknown"
          },
          {
            "Property": "FocusedBorderColor",
            "Category": "Design",
            "InvariantScript": "Self.BorderColor",
            "RuleProviderType": "Unknown"
          },
          {
            "Property": "Fill",
            "Category": "Design",
            "InvariantScript": "RGBA(0, 0, 0, 0)",
            "RuleProviderType": "Unknown"
          },
          {
            "Property": "DisabledFill",
            "Category": "Design",
            "InvariantScript": "RGBA(0, 0, 0, 0)",
            "RuleProviderType": "Unknown"
          },
          {
            "Property": "PressedFill",
            "Category": "Design",
            "InvariantScript": "Self.Fill",
            "RuleProviderType": "Unknown"
          },
          {
            "Property": "HoverFill",
            "Category": "Design",
            "InvariantScript": "Self.Fill",
            "RuleProviderType": "Unknown"
          },
          {
            "Property": "Font",
            "Category": "Design",
            "InvariantScript": "Font.Lato",
            "RuleProviderType": "Unknown"
          },
          {
            "Property": "FontWeight",
            "Category": "Design",
            "InvariantScript": "FontWeight.Bold",
            "RuleProviderType": "Unknown"
          },
          {
            "Property": "Align",
            "Category": "Design",
            "InvariantScript": "Align.Center",
            "RuleProviderType": "Unknown"
          },
          {
            "Property": "VerticalAlign",
            "Category": "Design",
            "InvariantScript": "VerticalAlign.Middle",
            "RuleProviderType": "Unknown"
          },
          {
            "Property": "X",
            "Category": "Design",
            "InvariantScript": "0",
            "RuleProviderType": "Unknown"
          },
          {
            "Property": "Y",
            "Category": "Design",
            "InvariantScript": "123",
            "RuleProviderType": "Unknown"
          },
          {
            "Property": "Width",
            "Category": "Design",
            "InvariantScript": "639",
            "RuleProviderType": "Unknown"
          },
          {
            "Property": "Height",
            "Category": "Design",
            "InvariantScript": "70",
            "RuleProviderType": "Unknown"
          },
          {
            "Property": "DisplayMode",
            "Category": "Design",
            "InvariantScript": "DisplayMode.Edit",
            "RuleProviderType": "Unknown"
          },
          {
            "Property": "ZIndex",
            "Category": "Design",
            "InvariantScript": "10",
            "RuleProviderType": "Unknown"
          },
          {
            "Property": "LineHeight",
            "Category": "Design",
            "InvariantScript": "1.2",
            "RuleProviderType": "Unknown"
          },
          {
            "Property": "BorderThickness",
            "Category": "Design",
            "InvariantScript": "0",
            "RuleProviderType": "Unknown"
          },
          {
            "Property": "FocusedBorderThickness",
            "Category": "Design",
            "InvariantScript": "1",
            "RuleProviderType": "Unknown"
          },
          {
            "Property": "Size",
            "Category": "Design",
            "InvariantScript": "28",
            "RuleProviderType": "Unknown"
          },
          {
            "Property": "Italic",
            "Category": "Design",
            "InvariantScript": "false",
            "RuleProviderType": "Unknown"
          },
          {
            "Property": "Underline",
            "Category": "Design",
            "InvariantScript": "false",
            "RuleProviderType": "Unknown"
          },
          {
            "Property": "Strikethrough",
            "Category": "Design",
            "InvariantScript": "false",
            "RuleProviderType": "Unknown"
          },
          {
            "Property": "PaddingTop",
            "Category": "Design",
            "InvariantScript": "5",
            "RuleProviderType": "Unknown"
          },
          {
            "Property": "PaddingRight",
            "Category": "Design",
            "InvariantScript": "5",
            "RuleProviderType": "Unknown"
          },
          {
            "Property": "PaddingBottom",
            "Category": "Design",
            "InvariantScript": "5",
            "RuleProviderType": "Unknown"
          },
          {
            "Property": "PaddingLeft",
            "Category": "Design",
            "InvariantScript": "5",
            "RuleProviderType": "Unknown"
          },
          {
            "Property": "Wrap",
            "Category": "Design",
            "InvariantScript": "true",
            "RuleProviderType": "Unknown"
          },
          {
            "Property": "Visible",
            "Category": "Design",
            "InvariantScript": "true",
            "RuleProviderType": "Unknown"
          }
        ],
        "ControlPropertyState": [
          "Live",
          "Overflow",
          {
            "InvariantPropertyName": "Text",
            "AutoRuleBindingEnabled": false,
            "AutoRuleBindingString": "\"Text\"",
            "NameMapSourceSchema": "?",
            "IsLockable": false,
            "AFDDataSourceName": ""
          },
          "Role",
          {
            "InvariantPropertyName": "Color",
            "AutoRuleBindingEnabled": false,
            "AutoRuleBindingString": "",
            "NameMapSourceSchema": "?",
            "IsLockable": false,
            "AFDDataSourceName": ""
          },
          "DisabledColor",
          "PressedColor",
          "HoverColor",
          {
            "InvariantPropertyName": "BorderColor",
            "AutoRuleBindingEnabled": false,
            "AutoRuleBindingString": "",
            "NameMapSourceSchema": "?",
            "IsLockable": false,
            "AFDDataSourceName": ""
          },
          "DisabledBorderColor",
          "PressedBorderColor",
          "HoverBorderColor",
          "BorderStyle",
          "FocusedBorderColor",
          {
            "InvariantPropertyName": "Fill",
            "AutoRuleBindingEnabled": false,
            "AutoRuleBindingString": "",
            "NameMapSourceSchema": "?",
            "IsLockable": false,
            "AFDDataSourceName": ""
          },
          "DisabledFill",
          "PressedFill",
          "HoverFill",
          {
            "InvariantPropertyName": "Font",
            "AutoRuleBindingEnabled": false,
            "AutoRuleBindingString": "",
            "NameMapSourceSchema": "?",
            "IsLockable": false,
            "AFDDataSourceName": ""
          },
          {
            "InvariantPropertyName": "FontWeight",
            "AutoRuleBindingEnabled": false,
            "AutoRuleBindingString": "",
            "NameMapSourceSchema": "?",
            "IsLockable": false,
            "AFDDataSourceName": ""
          },
          {
            "InvariantPropertyName": "Align",
            "AutoRuleBindingEnabled": false,
            "AutoRuleBindingString": "",
            "NameMapSourceSchema": "?",
            "IsLockable": false,
            "AFDDataSourceName": ""
          },
          "VerticalAlign",
          {
            "InvariantPropertyName": "X",
            "AutoRuleBindingEnabled": false,
            "AutoRuleBindingString": "",
            "NameMapSourceSchema": "?",
            "IsLockable": false,
            "AFDDataSourceName": ""
          },
          "Y",
          "Width",
          "Height",
          "DisplayMode",
          "ZIndex",
          "LineHeight",
          {
            "InvariantPropertyName": "BorderThickness",
            "AutoRuleBindingEnabled": false,
            "AutoRuleBindingString": "",
            "NameMapSourceSchema": "?",
            "IsLockable": false,
            "AFDDataSourceName": ""
          },
          {
            "InvariantPropertyName": "FocusedBorderThickness",
            "AutoRuleBindingEnabled": false,
            "AutoRuleBindingString": "",
            "NameMapSourceSchema": "?",
            "IsLockable": false,
            "AFDDataSourceName": ""
          },
          {
            "InvariantPropertyName": "Size",
            "AutoRuleBindingEnabled": false,
            "AutoRuleBindingString": "",
            "NameMapSourceSchema": "?",
            "IsLockable": false,
            "AFDDataSourceName": ""
          },
          "Italic",
          "Underline",
          "Strikethrough",
          "PaddingTop",
          "PaddingRight",
          "PaddingBottom",
          "PaddingLeft",
          {
            "InvariantPropertyName": "Wrap",
            "AutoRuleBindingEnabled": false,
            "AutoRuleBindingString": "",
            "NameMapSourceSchema": "?",
            "IsLockable": false,
            "AFDDataSourceName": ""
          },
          {
            "InvariantPropertyName": "Visible",
            "AutoRuleBindingEnabled": false,
            "AutoRuleBindingString": "",
            "NameMapSourceSchema": "?",
            "IsLockable": false,
            "AFDDataSourceName": ""
          }
        ],
        "IsLocked": false,
        "ControlUniqueId": "144",
        "Children": []
      },
      {
        "Type": "ControlInfo",
        "Name": "Label6_3",
        "HasDynamicProperties": false,
        "Template": {
          "Id": "http://microsoft.com/appmagic/label",
          "Version": "2.5.1",
          "LastModifiedTimestamp": "0",
          "Name": "label",
          "FirstParty": true,
          "IsPremiumPcfControl": false,
          "IsCustomGroupControlTemplate": false,
          "CustomGroupControlTemplateName": "",
          "IsComponentDefinition": false,
          "OverridableProperties": {}
        },
        "Index": 0,
        "PublishOrderIndex": 112,
        "VariantName": "",
        "LayoutName": "",
        "MetaDataIDKey": "",
        "PersistMetaDataIDKey": false,
        "IsFromScreenLayout": false,
        "StyleName": "defaultLabelStyle",
        "Parent": "MainScreen_revision_V2",
        "IsDataControl": false,
        "AllowAccessToGlobals": true,
        "OptimizeForDevices": "Off",
        "IsGroupControl": false,
        "IsAutoGenerated": false,
        "Rules": [
          {
            "Property": "Live",
            "Category": "Data",
            "InvariantScript": "Live.Off",
            "RuleProviderType": "Unknown"
          },
          {
            "Property": "Text",
            "Category": "Data",
            "InvariantScript": "\"                                Select your Post:\"",
            "RuleProviderType": "Unknown"
          },
          {
            "Property": "Role",
            "Category": "Data",
            "InvariantScript": "TextRole.Default",
            "RuleProviderType": "Unknown"
          },
          {
            "Property": "Overflow",
            "Category": "Design",
            "InvariantScript": "Overflow.Hidden",
            "RuleProviderType": "Unknown"
          },
          {
            "Property": "Color",
            "Category": "Design",
            "InvariantScript": "RGBA(0, 0, 0, 1)",
            "RuleProviderType": "Unknown"
          },
          {
            "Property": "DisabledColor",
            "Category": "Design",
            "InvariantScript": "RGBA(166, 166, 166, 1)",
            "RuleProviderType": "Unknown"
          },
          {
            "Property": "PressedColor",
            "Category": "Design",
            "InvariantScript": "Self.Color",
            "RuleProviderType": "Unknown"
          },
          {
            "Property": "HoverColor",
            "Category": "Design",
            "InvariantScript": "Self.Color",
            "RuleProviderType": "Unknown"
          },
          {
            "Property": "BorderColor",
            "Category": "Design",
            "InvariantScript": "RGBA(119, 77, 3, 1)",
            "RuleProviderType": "Unknown"
          },
          {
            "Property": "DisabledBorderColor",
            "Category": "Design",
            "InvariantScript": "RGBA(56, 56, 56, 1)",
            "RuleProviderType": "Unknown"
          },
          {
            "Property": "PressedBorderColor",
            "Category": "Design",
            "InvariantScript": "Self.BorderColor",
            "RuleProviderType": "Unknown"
          },
          {
            "Property": "HoverBorderColor",
            "Category": "Design",
            "InvariantScript": "Self.BorderColor",
            "RuleProviderType": "Unknown"
          },
          {
            "Property": "BorderStyle",
            "Category": "Design",
            "InvariantScript": "BorderStyle.Solid",
            "RuleProviderType": "Unknown"
          },
          {
            "Property": "FocusedBorderColor",
            "Category": "Design",
            "InvariantScript": "Self.BorderColor",
            "RuleProviderType": "Unknown"
          },
          {
            "Property": "Fill",
            "Category": "Design",
            "InvariantScript": "RGBA(0, 0, 0, 0)",
            "RuleProviderType": "Unknown"
          },
          {
            "Property": "DisabledFill",
            "Category": "Design",
            "InvariantScript": "RGBA(0, 0, 0, 0)",
            "RuleProviderType": "Unknown"
          },
          {
            "Property": "PressedFill",
            "Category": "Design",
            "InvariantScript": "Self.Fill",
            "RuleProviderType": "Unknown"
          },
          {
            "Property": "HoverFill",
            "Category": "Design",
            "InvariantScript": "Self.Fill",
            "RuleProviderType": "Unknown"
          },
          {
            "Property": "Font",
            "Category": "Design",
            "InvariantScript": "Font.Lato",
            "RuleProviderType": "Unknown"
          },
          {
            "Property": "FontWeight",
            "Category": "Design",
            "InvariantScript": "FontWeight.Bold",
            "RuleProviderType": "Unknown"
          },
          {
            "Property": "Align",
            "Category": "Design",
            "InvariantScript": "Align.Left",
            "RuleProviderType": "Unknown"
          },
          {
            "Property": "VerticalAlign",
            "Category": "Design",
            "InvariantScript": "VerticalAlign.Middle",
            "RuleProviderType": "Unknown"
          },
          {
            "Property": "X",
            "Category": "Design",
            "InvariantScript": "39",
            "RuleProviderType": "Unknown"
          },
          {
            "Property": "Y",
            "Category": "Design",
            "InvariantScript": "265",
            "RuleProviderType": "Unknown"
          },
          {
            "Property": "Width",
            "Category": "Design",
            "InvariantScript": "560",
            "RuleProviderType": "Unknown"
          },
          {
            "Property": "Height",
            "Category": "Design",
            "InvariantScript": "28",
            "RuleProviderType": "Unknown"
          },
          {
            "Property": "DisplayMode",
            "Category": "Design",
            "InvariantScript": "DisplayMode.Edit",
            "RuleProviderType": "Unknown"
          },
          {
            "Property": "ZIndex",
            "Category": "Design",
            "InvariantScript": "1",
            "RuleProviderType": "Unknown"
          },
          {
            "Property": "LineHeight",
            "Category": "Design",
            "InvariantScript": "1.2",
            "RuleProviderType": "Unknown"
          },
          {
            "Property": "BorderThickness",
            "Category": "Design",
            "InvariantScript": "0",
            "RuleProviderType": "Unknown"
          },
          {
            "Property": "FocusedBorderThickness",
            "Category": "Design",
            "InvariantScript": "0",
            "RuleProviderType": "Unknown"
          },
          {
            "Property": "Size",
            "Category": "Design",
            "InvariantScript": "21",
            "RuleProviderType": "Unknown"
          },
          {
            "Property": "Italic",
            "Category": "Design",
            "InvariantScript": "false",
            "RuleProviderType": "Unknown"
          },
          {
            "Property": "Underline",
            "Category": "Design",
            "InvariantScript": "false",
            "RuleProviderType": "Unknown"
          },
          {
            "Property": "Strikethrough",
            "Category": "Design",
            "InvariantScript": "false",
            "RuleProviderType": "Unknown"
          },
          {
            "Property": "PaddingTop",
            "Category": "Design",
            "InvariantScript": "5",
            "RuleProviderType": "Unknown"
          },
          {
            "Property": "PaddingRight",
            "Category": "Design",
            "InvariantScript": "5",
            "RuleProviderType": "Unknown"
          },
          {
            "Property": "PaddingBottom",
            "Category": "Design",
            "InvariantScript": "5",
            "RuleProviderType": "Unknown"
          },
          {
            "Property": "PaddingLeft",
            "Category": "Design",
            "InvariantScript": "5",
            "RuleProviderType": "Unknown"
          }
        ],
        "ControlPropertyState": [
          "Live",
          "Overflow",
          {
            "InvariantPropertyName": "Text",
            "AutoRuleBindingEnabled": false,
            "AutoRuleBindingString": "",
            "NameMapSourceSchema": "?",
            "IsLockable": false,
            "AFDDataSourceName": ""
          },
          "Role",
          "Color",
          "DisabledColor",
          "PressedColor",
          "HoverColor",
          "BorderColor",
          "DisabledBorderColor",
          "PressedBorderColor",
          "HoverBorderColor",
          "BorderStyle",
          "FocusedBorderColor",
          "Fill",
          "DisabledFill",
          "PressedFill",
          "HoverFill",
          {
            "InvariantPropertyName": "Font",
            "AutoRuleBindingEnabled": false,
            "AutoRuleBindingString": "",
            "NameMapSourceSchema": "?",
            "IsLockable": false,
            "AFDDataSourceName": ""
          },
          {
            "InvariantPropertyName": "FontWeight",
            "AutoRuleBindingEnabled": false,
            "AutoRuleBindingString": "",
            "NameMapSourceSchema": "?",
            "IsLockable": false,
            "AFDDataSourceName": ""
          },
          "Align",
          "VerticalAlign",
          "X",
          "Y",
          "Width",
          {
            "InvariantPropertyName": "Height",
            "AutoRuleBindingEnabled": false,
            "AutoRuleBindingString": "",
            "NameMapSourceSchema": "?",
            "IsLockable": false,
            "AFDDataSourceName": ""
          },
          "DisplayMode",
          "ZIndex",
          "LineHeight",
          "BorderThickness",
          "FocusedBorderThickness",
          "Size",
          {
            "InvariantPropertyName": "Italic",
            "AutoRuleBindingEnabled": false,
            "AutoRuleBindingString": "",
            "NameMapSourceSchema": "?",
            "IsLockable": false,
            "AFDDataSourceName": ""
          },
          "Underline",
          "Strikethrough",
          "PaddingTop",
          "PaddingRight",
          "PaddingBottom",
          "PaddingLeft"
        ],
        "IsLocked": false,
        "ControlUniqueId": "145",
        "Children": []
      },
      {
        "Type": "ControlInfo",
        "Name": "Post_Ankara_Button_1",
        "HasDynamicProperties": false,
        "Template": {
          "Id": "http://microsoft.com/appmagic/button",
          "Version": "2.2.0",
          "LastModifiedTimestamp": "0",
          "Name": "button",
          "FirstParty": true,
          "IsPremiumPcfControl": false,
          "IsCustomGroupControlTemplate": false,
          "CustomGroupControlTemplateName": "",
          "IsComponentDefinition": false,
          "OverridableProperties": {}
        },
        "Index": 0,
        "PublishOrderIndex": 113,
        "VariantName": "",
        "LayoutName": "",
        "MetaDataIDKey": "",
        "PersistMetaDataIDKey": false,
        "IsFromScreenLayout": false,
        "StyleName": "defaultButtonStyle",
        "Parent": "MainScreen_revision_V2",
        "IsDataControl": false,
        "AllowAccessToGlobals": true,
        "OptimizeForDevices": "Off",
        "IsGroupControl": false,
        "IsAutoGenerated": false,
        "Rules": [
          {
            "Property": "Text",
            "Category": "Data",
            "InvariantScript": "\"Ankara\"",
            "RuleProviderType": "Unknown"
          },
          {
            "Property": "RadiusBottomRight",
            "Category": "Design",
            "InvariantScript": "10",
            "RuleProviderType": "Unknown"
          },
          {
            "Property": "Size",
            "Category": "Design",
            "InvariantScript": "24",
            "RuleProviderType": "Unknown"
          },
          {
            "Property": "RadiusBottomLeft",
            "Category": "Design",
            "InvariantScript": "10",
            "RuleProviderType": "Unknown"
          },
          {
            "Property": "FocusedBorderThickness",
            "Category": "Design",
            "InvariantScript": "4",
            "RuleProviderType": "Unknown"
          },
          {
            "Property": "Strikethrough",
            "Category": "Design",
            "InvariantScript": "false",
            "RuleProviderType": "Unknown"
          },
          {
            "Property": "RadiusTopRight",
            "Category": "Design",
            "InvariantScript": "10",
            "RuleProviderType": "Unknown"
          },
          {
            "Property": "Underline",
            "Category": "Design",
            "InvariantScript": "false",
            "RuleProviderType": "Unknown"
          },
          {
            "Property": "RadiusTopLeft",
            "Category": "Design",
            "InvariantScript": "10",
            "RuleProviderType": "Unknown"
          },
          {
            "Property": "ZIndex",
            "Category": "Design",
            "InvariantScript": "2",
            "RuleProviderType": "Unknown"
          },
          {
            "Property": "BorderThickness",
            "Category": "Design",
            "InvariantScript": "2\r\n\r\n",
            "RuleProviderType": "User"
          },
          {
            "Property": "Height",
            "Category": "Design",
            "InvariantScript": "88",
            "RuleProviderType": "Unknown"
          },
          {
            "Property": "Width",
            "Category": "Design",
            "InvariantScript": "509",
            "RuleProviderType": "Unknown"
          },
          {
            "Property": "Y",
            "Category": "Design",
            "InvariantScript": "337",
            "RuleProviderType": "Unknown"
          },
          {
            "Property": "X",
            "Category": "Design",
            "InvariantScript": "65",
            "RuleProviderType": "Unknown"
          },
          {
            "Property": "Italic",
            "Category": "Design",
            "InvariantScript": "false",
            "RuleProviderType": "Unknown"
          },
          {
            "Property": "VerticalAlign",
            "Category": "Design",
            "InvariantScript": "VerticalAlign.Middle",
            "RuleProviderType": "Unknown"
          },
          {
            "Property": "Align",
            "Category": "Design",
            "InvariantScript": "Align.Center",
            "RuleProviderType": "Unknown"
          },
          {
            "Property": "FontWeight",
            "Category": "Design",
            "InvariantScript": "FontWeight.Semibold",
            "RuleProviderType": "Unknown"
          },
          {
            "Property": "Font",
            "Category": "Design",
            "InvariantScript": "Font.'Open Sans'",
            "RuleProviderType": "Unknown"
          },
          {
            "Property": "HoverFill",
            "Category": "Design",
            "InvariantScript": "ColorFade(RGBA(68, 57, 38, 1), -20%)",
            "RuleProviderType": "Unknown"
          },
          {
            "Property": "DisabledFill",
            "Category": "Design",
            "InvariantScript": "RGBA(244, 244, 244, 1)",
            "RuleProviderType": "Unknown"
          },
          {
            "Property": "Fill",
            "Category": "Design",
            "InvariantScript": "RGBA(0  , 100, 150, 1)",
            "RuleProviderType": "User"
          },
          {
            "Property": "DisplayMode",
            "Category": "Design",
            "InvariantScript": "DisplayMode.Edit",
            "RuleProviderType": "Unknown"
          },
          {
            "Property": "HoverColor",
            "Category": "Design",
            "InvariantScript": "RGBA(255, 255, 255, 1)",
            "RuleProviderType": "Unknown"
          },
          {
            "Property": "DisabledColor",
            "Category": "Design",
            "InvariantScript": "RGBA(166, 166, 166, 1)",
            "RuleProviderType": "Unknown"
          },
          {
            "Property": "Color",
            "Category": "Design",
            "InvariantScript": "RGBA(255, 255, 255, 1)",
            "RuleProviderType": "Unknown"
          },
          {
            "Property": "BorderStyle",
            "Category": "Design",
            "InvariantScript": "BorderStyle.Solid",
            "RuleProviderType": "Unknown"
          },
          {
            "Property": "DisabledBorderColor",
            "Category": "Design",
            "InvariantScript": "RGBA(166, 166, 166, 1)",
            "RuleProviderType": "Unknown"
          },
          {
            "Property": "PressedColor",
            "Category": "Design",
            "InvariantScript": "Self.Fill",
            "RuleProviderType": "Unknown"
          },
          {
            "Property": "PressedBorderColor",
            "Category": "Design",
            "InvariantScript": "Self.Fill",
            "RuleProviderType": "Unknown"
          },
          {
            "Property": "BorderColor",
            "Category": "Design",
            "InvariantScript": "RGBA(0,0,0,1)",
            "RuleProviderType": "User"
          },
          {
            "Property": "PressedFill",
            "Category": "Design",
            "InvariantScript": "Self.Color",
            "RuleProviderType": "Unknown"
          },
          {
            "Property": "FocusedBorderColor",
            "Category": "Design",
            "InvariantScript": "Self.BorderColor",
            "RuleProviderType": "Unknown"
          },
          {
            "Property": "HoverBorderColor",
            "Category": "Design",
            "InvariantScript": "ColorFade(Self.BorderColor, 20%)",
            "RuleProviderType": "Unknown"
          }
        ],
        "ControlPropertyState": [
          {
            "InvariantPropertyName": "Text",
            "AutoRuleBindingEnabled": false,
            "AutoRuleBindingString": "\"Button\"",
            "NameMapSourceSchema": "?",
            "IsLockable": false,
            "AFDDataSourceName": ""
          },
          {
            "InvariantPropertyName": "BorderColor",
            "AutoRuleBindingEnabled": false,
            "AutoRuleBindingString": "ColorFade(Self.Fill, -15%)",
            "NameMapSourceSchema": "?",
            "IsLockable": false,
            "AFDDataSourceName": ""
          },
          "DisabledBorderColor",
          "PressedBorderColor",
          "HoverBorderColor",
          "BorderStyle",
          "FocusedBorderColor",
          "Color",
          "DisabledColor",
          "PressedColor",
          "HoverColor",
          "DisplayMode",
          {
            "InvariantPropertyName": "Fill",
            "AutoRuleBindingEnabled": false,
            "AutoRuleBindingString": "RGBA(68, 57, 38, 1)",
            "NameMapSourceSchema": "?",
            "IsLockable": false,
            "AFDDataSourceName": ""
          },
          "DisabledFill",
          "PressedFill",
          "HoverFill",
          "Font",
          "FontWeight",
          "Align",
          "VerticalAlign",
          "X",
          "Y",
          "Width",
          "Height",
          "ZIndex",
          "RadiusTopLeft",
          "RadiusTopRight",
          "RadiusBottomLeft",
          "RadiusBottomRight",
          {
            "InvariantPropertyName": "BorderThickness",
            "AutoRuleBindingEnabled": false,
            "AutoRuleBindingString": "2",
            "NameMapSourceSchema": "?",
            "IsLockable": false,
            "AFDDataSourceName": ""
          },
          "FocusedBorderThickness",
          "Size",
          "Italic",
          "Underline",
          "Strikethrough"
        ],
        "IsLocked": false,
        "ControlUniqueId": "146",
        "Children": []
      },
      {
        "Type": "ControlInfo",
        "Name": "Post_Istanbul_Button_1",
        "HasDynamicProperties": false,
        "Template": {
          "Id": "http://microsoft.com/appmagic/button",
          "Version": "2.2.0",
          "LastModifiedTimestamp": "0",
          "Name": "button",
          "FirstParty": true,
          "IsPremiumPcfControl": false,
          "IsCustomGroupControlTemplate": false,
          "CustomGroupControlTemplateName": "",
          "IsComponentDefinition": false,
          "OverridableProperties": {}
        },
        "Index": 0,
        "PublishOrderIndex": 114,
        "VariantName": "",
        "LayoutName": "",
        "MetaDataIDKey": "",
        "PersistMetaDataIDKey": false,
        "IsFromScreenLayout": false,
        "StyleName": "defaultButtonStyle",
        "Parent": "MainScreen_revision_V2",
        "IsDataControl": false,
        "AllowAccessToGlobals": true,
        "OptimizeForDevices": "Off",
        "IsGroupControl": false,
        "IsAutoGenerated": false,
        "Rules": [
          {
            "Property": "Text",
            "Category": "Data",
            "InvariantScript": "\"Istanbul\"",
            "RuleProviderType": "Unknown"
          },
          {
            "Property": "RadiusBottomRight",
            "Category": "Design",
            "InvariantScript": "10",
            "RuleProviderType": "Unknown"
          },
          {
            "Property": "Size",
            "Category": "Design",
            "InvariantScript": "24",
            "RuleProviderType": "Unknown"
          },
          {
            "Property": "RadiusBottomLeft",
            "Category": "Design",
            "InvariantScript": "10",
            "RuleProviderType": "Unknown"
          },
          {
            "Property": "FocusedBorderThickness",
            "Category": "Design",
            "InvariantScript": "4",
            "RuleProviderType": "Unknown"
          },
          {
            "Property": "Strikethrough",
            "Category": "Design",
            "InvariantScript": "false",
            "RuleProviderType": "Unknown"
          },
          {
            "Property": "RadiusTopRight",
            "Category": "Design",
            "InvariantScript": "10",
            "RuleProviderType": "Unknown"
          },
          {
            "Property": "Underline",
            "Category": "Design",
            "InvariantScript": "false",
            "RuleProviderType": "Unknown"
          },
          {
            "Property": "RadiusTopLeft",
            "Category": "Design",
            "InvariantScript": "10",
            "RuleProviderType": "Unknown"
          },
          {
            "Property": "ZIndex",
            "Category": "Design",
            "InvariantScript": "3",
            "RuleProviderType": "Unknown"
          },
          {
            "Property": "BorderThickness",
            "Category": "Design",
            "InvariantScript": "2",
            "RuleProviderType": "Unknown"
          },
          {
            "Property": "Height",
            "Category": "Design",
            "InvariantScript": "88",
            "RuleProviderType": "Unknown"
          },
          {
            "Property": "Width",
            "Category": "Design",
            "InvariantScript": "509",
            "RuleProviderType": "Unknown"
          },
          {
            "Property": "Y",
            "Category": "Design",
            "InvariantScript": "459",
            "RuleProviderType": "Unknown"
          },
          {
            "Property": "X",
            "Category": "Design",
            "InvariantScript": "65",
            "RuleProviderType": "Unknown"
          },
          {
            "Property": "Italic",
            "Category": "Design",
            "InvariantScript": "false",
            "RuleProviderType": "Unknown"
          },
          {
            "Property": "VerticalAlign",
            "Category": "Design",
            "InvariantScript": "VerticalAlign.Middle",
            "RuleProviderType": "Unknown"
          },
          {
            "Property": "Align",
            "Category": "Design",
            "InvariantScript": "Align.Center",
            "RuleProviderType": "Unknown"
          },
          {
            "Property": "FontWeight",
            "Category": "Design",
            "InvariantScript": "FontWeight.Semibold",
            "RuleProviderType": "Unknown"
          },
          {
            "Property": "Font",
            "Category": "Design",
            "InvariantScript": "Font.'Open Sans'",
            "RuleProviderType": "Unknown"
          },
          {
            "Property": "HoverFill",
            "Category": "Design",
            "InvariantScript": "ColorFade(RGBA(68, 57, 38, 1), -20%)",
            "RuleProviderType": "Unknown"
          },
          {
            "Property": "DisabledFill",
            "Category": "Design",
            "InvariantScript": "RGBA(244, 244, 244, 1)",
            "RuleProviderType": "Unknown"
          },
          {
            "Property": "Fill",
            "Category": "Design",
            "InvariantScript": "RGBA(0  , 100, 150, 1)",
            "RuleProviderType": "User"
          },
          {
            "Property": "DisplayMode",
            "Category": "Design",
            "InvariantScript": "DisplayMode.Edit",
            "RuleProviderType": "Unknown"
          },
          {
            "Property": "HoverColor",
            "Category": "Design",
            "InvariantScript": "RGBA(255, 255, 255, 1)",
            "RuleProviderType": "Unknown"
          },
          {
            "Property": "DisabledColor",
            "Category": "Design",
            "InvariantScript": "RGBA(166, 166, 166, 1)",
            "RuleProviderType": "Unknown"
          },
          {
            "Property": "Color",
            "Category": "Design",
            "InvariantScript": "RGBA(255, 255, 255, 1)",
            "RuleProviderType": "Unknown"
          },
          {
            "Property": "BorderStyle",
            "Category": "Design",
            "InvariantScript": "BorderStyle.Solid",
            "RuleProviderType": "Unknown"
          },
          {
            "Property": "DisabledBorderColor",
            "Category": "Design",
            "InvariantScript": "RGBA(166, 166, 166, 1)",
            "RuleProviderType": "Unknown"
          },
          {
            "Property": "PressedColor",
            "Category": "Design",
            "InvariantScript": "Self.Fill",
            "RuleProviderType": "Unknown"
          },
          {
            "Property": "PressedBorderColor",
            "Category": "Design",
            "InvariantScript": "Self.Fill",
            "RuleProviderType": "Unknown"
          },
          {
            "Property": "BorderColor",
            "Category": "Design",
            "InvariantScript": "RGBA(0,0,0,1)",
            "RuleProviderType": "User"
          },
          {
            "Property": "PressedFill",
            "Category": "Design",
            "InvariantScript": "Self.Color",
            "RuleProviderType": "Unknown"
          },
          {
            "Property": "FocusedBorderColor",
            "Category": "Design",
            "InvariantScript": "Self.BorderColor",
            "RuleProviderType": "Unknown"
          },
          {
            "Property": "HoverBorderColor",
            "Category": "Design",
            "InvariantScript": "ColorFade(Self.BorderColor, 20%)",
            "RuleProviderType": "Unknown"
          }
        ],
        "ControlPropertyState": [
          {
            "InvariantPropertyName": "Text",
            "AutoRuleBindingEnabled": false,
            "AutoRuleBindingString": "\"Button\"",
            "NameMapSourceSchema": "?",
            "IsLockable": false,
            "AFDDataSourceName": ""
          },
          {
            "InvariantPropertyName": "BorderColor",
            "AutoRuleBindingEnabled": false,
            "AutoRuleBindingString": "ColorFade(Self.Fill, -15%)",
            "NameMapSourceSchema": "?",
            "IsLockable": false,
            "AFDDataSourceName": ""
          },
          "DisabledBorderColor",
          "PressedBorderColor",
          "HoverBorderColor",
          "BorderStyle",
          "FocusedBorderColor",
          "Color",
          "DisabledColor",
          "PressedColor",
          "HoverColor",
          "DisplayMode",
          {
            "InvariantPropertyName": "Fill",
            "AutoRuleBindingEnabled": false,
            "AutoRuleBindingString": "RGBA(68, 57, 38, 1)",
            "NameMapSourceSchema": "?",
            "IsLockable": false,
            "AFDDataSourceName": ""
          },
          "DisabledFill",
          "PressedFill",
          "HoverFill",
          "Font",
          "FontWeight",
          "Align",
          "VerticalAlign",
          "X",
          "Y",
          "Width",
          "Height",
          "ZIndex",
          "RadiusTopLeft",
          "RadiusTopRight",
          "RadiusBottomLeft",
          "RadiusBottomRight",
          "BorderThickness",
          "FocusedBorderThickness",
          "Size",
          "Italic",
          "Underline",
          "Strikethrough"
        ],
        "IsLocked": false,
        "ControlUniqueId": "147",
        "Children": []
      },
      {
        "Type": "ControlInfo",
        "Name": "Post_Adana_Button_1",
        "HasDynamicProperties": false,
        "Template": {
          "Id": "http://microsoft.com/appmagic/button",
          "Version": "2.2.0",
          "LastModifiedTimestamp": "0",
          "Name": "button",
          "FirstParty": true,
          "IsPremiumPcfControl": false,
          "IsCustomGroupControlTemplate": false,
          "CustomGroupControlTemplateName": "",
          "IsComponentDefinition": false,
          "OverridableProperties": {}
        },
        "Index": 0,
        "PublishOrderIndex": 115,
        "VariantName": "",
        "LayoutName": "",
        "MetaDataIDKey": "",
        "PersistMetaDataIDKey": false,
        "IsFromScreenLayout": false,
        "StyleName": "defaultButtonStyle",
        "Parent": "MainScreen_revision_V2",
        "IsDataControl": false,
        "AllowAccessToGlobals": true,
        "OptimizeForDevices": "Off",
        "IsGroupControl": false,
        "IsAutoGenerated": false,
        "Rules": [
          {
            "Property": "Text",
            "Category": "Data",
            "InvariantScript": "\"Adana\n\"",
            "RuleProviderType": "Unknown"
          },
          {
            "Property": "RadiusBottomRight",
            "Category": "Design",
            "InvariantScript": "10",
            "RuleProviderType": "Unknown"
          },
          {
            "Property": "Size",
            "Category": "Design",
            "InvariantScript": "24",
            "RuleProviderType": "Unknown"
          },
          {
            "Property": "RadiusBottomLeft",
            "Category": "Design",
            "InvariantScript": "10",
            "RuleProviderType": "Unknown"
          },
          {
            "Property": "FocusedBorderThickness",
            "Category": "Design",
            "InvariantScript": "4",
            "RuleProviderType": "Unknown"
          },
          {
            "Property": "Strikethrough",
            "Category": "Design",
            "InvariantScript": "false",
            "RuleProviderType": "Unknown"
          },
          {
            "Property": "RadiusTopRight",
            "Category": "Design",
            "InvariantScript": "10",
            "RuleProviderType": "Unknown"
          },
          {
            "Property": "Underline",
            "Category": "Design",
            "InvariantScript": "false",
            "RuleProviderType": "Unknown"
          },
          {
            "Property": "RadiusTopLeft",
            "Category": "Design",
            "InvariantScript": "10",
            "RuleProviderType": "Unknown"
          },
          {
            "Property": "ZIndex",
            "Category": "Design",
            "InvariantScript": "4",
            "RuleProviderType": "Unknown"
          },
          {
            "Property": "BorderThickness",
            "Category": "Design",
            "InvariantScript": "2",
            "RuleProviderType": "Unknown"
          },
          {
            "Property": "Height",
            "Category": "Design",
            "InvariantScript": "88",
            "RuleProviderType": "Unknown"
          },
          {
            "Property": "Width",
            "Category": "Design",
            "InvariantScript": "509",
            "RuleProviderType": "Unknown"
          },
          {
            "Property": "Y",
            "Category": "Design",
            "InvariantScript": "581",
            "RuleProviderType": "Unknown"
          },
          {
            "Property": "X",
            "Category": "Design",
            "InvariantScript": "65",
            "RuleProviderType": "Unknown"
          },
          {
            "Property": "Italic",
            "Category": "Design",
            "InvariantScript": "false",
            "RuleProviderType": "Unknown"
          },
          {
            "Property": "VerticalAlign",
            "Category": "Design",
            "InvariantScript": "VerticalAlign.Middle",
            "RuleProviderType": "Unknown"
          },
          {
            "Property": "Align",
            "Category": "Design",
            "InvariantScript": "Align.Center",
            "RuleProviderType": "Unknown"
          },
          {
            "Property": "FontWeight",
            "Category": "Design",
            "InvariantScript": "FontWeight.Semibold",
            "RuleProviderType": "Unknown"
          },
          {
            "Property": "Font",
            "Category": "Design",
            "InvariantScript": "Font.'Open Sans'",
            "RuleProviderType": "Unknown"
          },
          {
            "Property": "HoverFill",
            "Category": "Design",
            "InvariantScript": "ColorFade(RGBA(68, 57, 38, 1), -20%)",
            "RuleProviderType": "Unknown"
          },
          {
            "Property": "DisabledFill",
            "Category": "Design",
            "InvariantScript": "RGBA(244, 244, 244, 1)",
            "RuleProviderType": "Unknown"
          },
          {
            "Property": "Fill",
            "Category": "Design",
            "InvariantScript": "RGBA(0  , 100, 150, 1)",
            "RuleProviderType": "User"
          },
          {
            "Property": "DisplayMode",
            "Category": "Design",
            "InvariantScript": "DisplayMode.Edit",
            "RuleProviderType": "Unknown"
          },
          {
            "Property": "HoverColor",
            "Category": "Design",
            "InvariantScript": "RGBA(255, 255, 255, 1)",
            "RuleProviderType": "Unknown"
          },
          {
            "Property": "DisabledColor",
            "Category": "Design",
            "InvariantScript": "RGBA(166, 166, 166, 1)",
            "RuleProviderType": "Unknown"
          },
          {
            "Property": "Color",
            "Category": "Design",
            "InvariantScript": "RGBA(255, 255, 255, 1)",
            "RuleProviderType": "Unknown"
          },
          {
            "Property": "BorderStyle",
            "Category": "Design",
            "InvariantScript": "BorderStyle.Solid",
            "RuleProviderType": "Unknown"
          },
          {
            "Property": "DisabledBorderColor",
            "Category": "Design",
            "InvariantScript": "RGBA(166, 166, 166, 1)",
            "RuleProviderType": "Unknown"
          },
          {
            "Property": "PressedColor",
            "Category": "Design",
            "InvariantScript": "Self.Fill",
            "RuleProviderType": "Unknown"
          },
          {
            "Property": "PressedBorderColor",
            "Category": "Design",
            "InvariantScript": "Self.Fill",
            "RuleProviderType": "Unknown"
          },
          {
            "Property": "BorderColor",
            "Category": "Design",
            "InvariantScript": "RGBA(0,0,0,1)",
            "RuleProviderType": "User"
          },
          {
            "Property": "PressedFill",
            "Category": "Design",
            "InvariantScript": "Self.Color",
            "RuleProviderType": "Unknown"
          },
          {
            "Property": "FocusedBorderColor",
            "Category": "Design",
            "InvariantScript": "Self.BorderColor",
            "RuleProviderType": "Unknown"
          },
          {
            "Property": "HoverBorderColor",
            "Category": "Design",
            "InvariantScript": "ColorFade(Self.BorderColor, 20%)",
            "RuleProviderType": "Unknown"
          }
        ],
        "ControlPropertyState": [
          {
            "InvariantPropertyName": "Text",
            "AutoRuleBindingEnabled": false,
            "AutoRuleBindingString": "\"Button\"",
            "NameMapSourceSchema": "?",
            "IsLockable": false,
            "AFDDataSourceName": ""
          },
          {
            "InvariantPropertyName": "BorderColor",
            "AutoRuleBindingEnabled": false,
            "AutoRuleBindingString": "ColorFade(Self.Fill, -15%)",
            "NameMapSourceSchema": "?",
            "IsLockable": false,
            "AFDDataSourceName": ""
          },
          "DisabledBorderColor",
          "PressedBorderColor",
          "HoverBorderColor",
          "BorderStyle",
          "FocusedBorderColor",
          "Color",
          "DisabledColor",
          "PressedColor",
          "HoverColor",
          "DisplayMode",
          {
            "InvariantPropertyName": "Fill",
            "AutoRuleBindingEnabled": false,
            "AutoRuleBindingString": "RGBA(68, 57, 38, 1)",
            "NameMapSourceSchema": "?",
            "IsLockable": false,
            "AFDDataSourceName": ""
          },
          "DisabledFill",
          "PressedFill",
          "HoverFill",
          "Font",
          "FontWeight",
          "Align",
          "VerticalAlign",
          "X",
          "Y",
          "Width",
          "Height",
          "ZIndex",
          "RadiusTopLeft",
          "RadiusTopRight",
          "RadiusBottomLeft",
          "RadiusBottomRight",
          "BorderThickness",
          "FocusedBorderThickness",
          "Size",
          "Italic",
          "Underline",
          "Strikethrough"
        ],
        "IsLocked": false,
        "ControlUniqueId": "148",
        "Children": []
      },
      {
        "Type": "ControlInfo",
        "Name": "Button4_5",
        "HasDynamicProperties": false,
        "Template": {
          "Id": "http://microsoft.com/appmagic/button",
          "Version": "2.2.0",
          "LastModifiedTimestamp": "0",
          "Name": "button",
          "FirstParty": true,
          "IsPremiumPcfControl": false,
          "IsCustomGroupControlTemplate": false,
          "CustomGroupControlTemplateName": "",
          "IsComponentDefinition": false,
          "OverridableProperties": {}
        },
        "Index": 0,
        "PublishOrderIndex": 116,
        "VariantName": "",
        "LayoutName": "",
        "MetaDataIDKey": "",
        "PersistMetaDataIDKey": false,
        "IsFromScreenLayout": false,
        "StyleName": "defaultButtonStyle",
        "Parent": "MainScreen_revision_V2",
        "IsDataControl": false,
        "AllowAccessToGlobals": true,
        "OptimizeForDevices": "Off",
        "IsGroupControl": false,
        "IsAutoGenerated": false,
        "Rules": [
          {
            "Property": "Text",
            "Category": "Data",
            "InvariantScript": "\"Gaziantep\n\"",
            "RuleProviderType": "Unknown"
          },
          {
            "Property": "BorderColor",
            "Category": "Design",
            "InvariantScript": "RGBA(0,0,0,1)",
            "RuleProviderType": "User"
          },
          {
            "Property": "DisabledBorderColor",
            "Category": "Design",
            "InvariantScript": "RGBA(166, 166, 166, 1)",
            "RuleProviderType": "Unknown"
          },
          {
            "Property": "PressedBorderColor",
            "Category": "Design",
            "InvariantScript": "Self.Fill",
            "RuleProviderType": "Unknown"
          },
          {
            "Property": "HoverBorderColor",
            "Category": "Design",
            "InvariantScript": "ColorFade(Self.BorderColor, 20%)",
            "RuleProviderType": "Unknown"
          },
          {
            "Property": "BorderStyle",
            "Category": "Design",
            "InvariantScript": "BorderStyle.Solid",
            "RuleProviderType": "Unknown"
          },
          {
            "Property": "FocusedBorderColor",
            "Category": "Design",
            "InvariantScript": "Self.BorderColor",
            "RuleProviderType": "Unknown"
          },
          {
            "Property": "Color",
            "Category": "Design",
            "InvariantScript": "RGBA(255, 255, 255, 1)",
            "RuleProviderType": "Unknown"
          },
          {
            "Property": "DisabledColor",
            "Category": "Design",
            "InvariantScript": "RGBA(166, 166, 166, 1)",
            "RuleProviderType": "Unknown"
          },
          {
            "Property": "PressedColor",
            "Category": "Design",
            "InvariantScript": "Self.Fill",
            "RuleProviderType": "Unknown"
          },
          {
            "Property": "HoverColor",
            "Category": "Design",
            "InvariantScript": "RGBA(255, 255, 255, 1)",
            "RuleProviderType": "Unknown"
          },
          {
            "Property": "DisplayMode",
            "Category": "Design",
            "InvariantScript": "DisplayMode.Edit",
            "RuleProviderType": "Unknown"
          },
          {
            "Property": "Fill",
            "Category": "Design",
            "InvariantScript": "RGBA(0  , 100, 150, 1)",
            "RuleProviderType": "User"
          },
          {
            "Property": "DisabledFill",
            "Category": "Design",
            "InvariantScript": "RGBA(244, 244, 244, 1)",
            "RuleProviderType": "Unknown"
          },
          {
            "Property": "PressedFill",
            "Category": "Design",
            "InvariantScript": "Self.Color",
            "RuleProviderType": "Unknown"
          },
          {
            "Property": "HoverFill",
            "Category": "Design",
            "InvariantScript": "ColorFade(RGBA(68, 57, 38, 1), -20%)",
            "RuleProviderType": "Unknown"
          },
          {
            "Property": "Font",
            "Category": "Design",
            "InvariantScript": "Font.'Open Sans'",
            "RuleProviderType": "Unknown"
          },
          {
            "Property": "FontWeight",
            "Category": "Design",
            "InvariantScript": "FontWeight.Semibold",
            "RuleProviderType": "Unknown"
          },
          {
            "Property": "Align",
            "Category": "Design",
            "InvariantScript": "Align.Center",
            "RuleProviderType": "Unknown"
          },
          {
            "Property": "VerticalAlign",
            "Category": "Design",
            "InvariantScript": "VerticalAlign.Middle",
            "RuleProviderType": "Unknown"
          },
          {
            "Property": "X",
            "Category": "Design",
            "InvariantScript": "65",
            "RuleProviderType": "Unknown"
          },
          {
            "Property": "Y",
            "Category": "Design",
            "InvariantScript": "703",
            "RuleProviderType": "Unknown"
          },
          {
            "Property": "Width",
            "Category": "Design",
            "InvariantScript": "509",
            "RuleProviderType": "Unknown"
          },
          {
            "Property": "Height",
            "Category": "Design",
            "InvariantScript": "88",
            "RuleProviderType": "Unknown"
          },
          {
            "Property": "ZIndex",
            "Category": "Design",
            "InvariantScript": "5",
            "RuleProviderType": "Unknown"
          },
          {
            "Property": "RadiusTopLeft",
            "Category": "Design",
            "InvariantScript": "10",
            "RuleProviderType": "Unknown"
          },
          {
            "Property": "RadiusTopRight",
            "Category": "Design",
            "InvariantScript": "10",
            "RuleProviderType": "Unknown"
          },
          {
            "Property": "RadiusBottomLeft",
            "Category": "Design",
            "InvariantScript": "10",
            "RuleProviderType": "Unknown"
          },
          {
            "Property": "RadiusBottomRight",
            "Category": "Design",
            "InvariantScript": "10",
            "RuleProviderType": "Unknown"
          },
          {
            "Property": "BorderThickness",
            "Category": "Design",
            "InvariantScript": "2",
            "RuleProviderType": "Unknown"
          },
          {
            "Property": "FocusedBorderThickness",
            "Category": "Design",
            "InvariantScript": "4",
            "RuleProviderType": "Unknown"
          },
          {
            "Property": "Size",
            "Category": "Design",
            "InvariantScript": "24",
            "RuleProviderType": "Unknown"
          },
          {
            "Property": "Italic",
            "Category": "Design",
            "InvariantScript": "false",
            "RuleProviderType": "Unknown"
          },
          {
            "Property": "Underline",
            "Category": "Design",
            "InvariantScript": "false",
            "RuleProviderType": "Unknown"
          },
          {
            "Property": "Strikethrough",
            "Category": "Design",
            "InvariantScript": "false",
            "RuleProviderType": "Unknown"
          }
        ],
        "ControlPropertyState": [
          {
            "InvariantPropertyName": "Text",
            "AutoRuleBindingEnabled": false,
            "AutoRuleBindingString": "\"Button\"",
            "NameMapSourceSchema": "?",
            "IsLockable": false,
            "AFDDataSourceName": ""
          },
          {
            "InvariantPropertyName": "BorderColor",
            "AutoRuleBindingEnabled": false,
            "AutoRuleBindingString": "ColorFade(Self.Fill, -15%)",
            "NameMapSourceSchema": "?",
            "IsLockable": false,
            "AFDDataSourceName": ""
          },
          "DisabledBorderColor",
          "PressedBorderColor",
          "HoverBorderColor",
          "BorderStyle",
          "FocusedBorderColor",
          "Color",
          "DisabledColor",
          "PressedColor",
          "HoverColor",
          "DisplayMode",
          {
            "InvariantPropertyName": "Fill",
            "AutoRuleBindingEnabled": false,
            "AutoRuleBindingString": "RGBA(68, 57, 38, 1)",
            "NameMapSourceSchema": "?",
            "IsLockable": false,
            "AFDDataSourceName": ""
          },
          "DisabledFill",
          "PressedFill",
          "HoverFill",
          "Font",
          "FontWeight",
          "Align",
          "VerticalAlign",
          "X",
          "Y",
          "Width",
          "Height",
          "ZIndex",
          "RadiusTopLeft",
          "RadiusTopRight",
          "RadiusBottomLeft",
          "RadiusBottomRight",
          "BorderThickness",
          "FocusedBorderThickness",
          "Size",
          "Italic",
          "Underline",
          "Strikethrough"
        ],
        "IsLocked": false,
        "ControlUniqueId": "149",
        "Children": []
      },
      {
        "Type": "ControlInfo",
        "Name": "Button4_6",
        "HasDynamicProperties": false,
        "Template": {
          "Id": "http://microsoft.com/appmagic/button",
          "Version": "2.2.0",
          "LastModifiedTimestamp": "0",
          "Name": "button",
          "FirstParty": true,
          "IsPremiumPcfControl": false,
          "IsCustomGroupControlTemplate": false,
          "CustomGroupControlTemplateName": "",
          "IsComponentDefinition": false,
          "OverridableProperties": {}
        },
        "Index": 0,
        "PublishOrderIndex": 117,
        "VariantName": "",
        "LayoutName": "",
        "MetaDataIDKey": "",
        "PersistMetaDataIDKey": false,
        "IsFromScreenLayout": false,
        "StyleName": "defaultButtonStyle",
        "Parent": "MainScreen_revision_V2",
        "IsDataControl": false,
        "AllowAccessToGlobals": true,
        "OptimizeForDevices": "Off",
        "IsGroupControl": false,
        "IsAutoGenerated": false,
        "Rules": [
          {
            "Property": "Text",
            "Category": "Data",
            "InvariantScript": "\"Izmir\n\"",
            "RuleProviderType": "Unknown"
          },
          {
            "Property": "BorderColor",
            "Category": "Design",
            "InvariantScript": "RGBA(0,0,0,1)",
            "RuleProviderType": "User"
          },
          {
            "Property": "DisabledBorderColor",
            "Category": "Design",
            "InvariantScript": "RGBA(166, 166, 166, 1)",
            "RuleProviderType": "Unknown"
          },
          {
            "Property": "PressedBorderColor",
            "Category": "Design",
            "InvariantScript": "Self.Fill",
            "RuleProviderType": "Unknown"
          },
          {
            "Property": "HoverBorderColor",
            "Category": "Design",
            "InvariantScript": "ColorFade(Self.BorderColor, 20%)",
            "RuleProviderType": "Unknown"
          },
          {
            "Property": "BorderStyle",
            "Category": "Design",
            "InvariantScript": "BorderStyle.Solid",
            "RuleProviderType": "Unknown"
          },
          {
            "Property": "FocusedBorderColor",
            "Category": "Design",
            "InvariantScript": "Self.BorderColor",
            "RuleProviderType": "Unknown"
          },
          {
            "Property": "Color",
            "Category": "Design",
            "InvariantScript": "RGBA(255, 255, 255, 1)",
            "RuleProviderType": "Unknown"
          },
          {
            "Property": "DisabledColor",
            "Category": "Design",
            "InvariantScript": "RGBA(166, 166, 166, 1)",
            "RuleProviderType": "Unknown"
          },
          {
            "Property": "PressedColor",
            "Category": "Design",
            "InvariantScript": "Self.Fill",
            "RuleProviderType": "Unknown"
          },
          {
            "Property": "HoverColor",
            "Category": "Design",
            "InvariantScript": "RGBA(255, 255, 255, 1)",
            "RuleProviderType": "Unknown"
          },
          {
            "Property": "DisplayMode",
            "Category": "Design",
            "InvariantScript": "DisplayMode.Edit",
            "RuleProviderType": "Unknown"
          },
          {
            "Property": "Fill",
            "Category": "Design",
            "InvariantScript": "RGBA(0  , 100, 150, 1)",
            "RuleProviderType": "User"
          },
          {
            "Property": "DisabledFill",
            "Category": "Design",
            "InvariantScript": "RGBA(244, 244, 244, 1)",
            "RuleProviderType": "Unknown"
          },
          {
            "Property": "PressedFill",
            "Category": "Design",
            "InvariantScript": "Self.Color",
            "RuleProviderType": "Unknown"
          },
          {
            "Property": "HoverFill",
            "Category": "Design",
            "InvariantScript": "ColorFade(RGBA(68, 57, 38, 1), -20%)",
            "RuleProviderType": "Unknown"
          },
          {
            "Property": "Font",
            "Category": "Design",
            "InvariantScript": "Font.'Open Sans'",
            "RuleProviderType": "Unknown"
          },
          {
            "Property": "FontWeight",
            "Category": "Design",
            "InvariantScript": "FontWeight.Semibold",
            "RuleProviderType": "Unknown"
          },
          {
            "Property": "Align",
            "Category": "Design",
            "InvariantScript": "Align.Center",
            "RuleProviderType": "Unknown"
          },
          {
            "Property": "VerticalAlign",
            "Category": "Design",
            "InvariantScript": "VerticalAlign.Middle",
            "RuleProviderType": "Unknown"
          },
          {
            "Property": "X",
            "Category": "Design",
            "InvariantScript": "65",
            "RuleProviderType": "Unknown"
          },
          {
            "Property": "Y",
            "Category": "Design",
            "InvariantScript": "828",
            "RuleProviderType": "Unknown"
          },
          {
            "Property": "Width",
            "Category": "Design",
            "InvariantScript": "509",
            "RuleProviderType": "Unknown"
          },
          {
            "Property": "Height",
            "Category": "Design",
            "InvariantScript": "88",
            "RuleProviderType": "Unknown"
          },
          {
            "Property": "ZIndex",
            "Category": "Design",
            "InvariantScript": "6",
            "RuleProviderType": "Unknown"
          },
          {
            "Property": "RadiusTopLeft",
            "Category": "Design",
            "InvariantScript": "10",
            "RuleProviderType": "Unknown"
          },
          {
            "Property": "RadiusTopRight",
            "Category": "Design",
            "InvariantScript": "10",
            "RuleProviderType": "Unknown"
          },
          {
            "Property": "RadiusBottomLeft",
            "Category": "Design",
            "InvariantScript": "10",
            "RuleProviderType": "Unknown"
          },
          {
            "Property": "RadiusBottomRight",
            "Category": "Design",
            "InvariantScript": "10",
            "RuleProviderType": "Unknown"
          },
          {
            "Property": "BorderThickness",
            "Category": "Design",
            "InvariantScript": "2",
            "RuleProviderType": "Unknown"
          },
          {
            "Property": "FocusedBorderThickness",
            "Category": "Design",
            "InvariantScript": "4",
            "RuleProviderType": "Unknown"
          },
          {
            "Property": "Size",
            "Category": "Design",
            "InvariantScript": "24",
            "RuleProviderType": "Unknown"
          },
          {
            "Property": "Italic",
            "Category": "Design",
            "InvariantScript": "false",
            "RuleProviderType": "Unknown"
          },
          {
            "Property": "Underline",
            "Category": "Design",
            "InvariantScript": "false",
            "RuleProviderType": "Unknown"
          },
          {
            "Property": "Strikethrough",
            "Category": "Design",
            "InvariantScript": "false",
            "RuleProviderType": "Unknown"
          }
        ],
        "ControlPropertyState": [
          {
            "InvariantPropertyName": "Text",
            "AutoRuleBindingEnabled": false,
            "AutoRuleBindingString": "\"Button\"",
            "NameMapSourceSchema": "?",
            "IsLockable": false,
            "AFDDataSourceName": ""
          },
          {
            "InvariantPropertyName": "BorderColor",
            "AutoRuleBindingEnabled": false,
            "AutoRuleBindingString": "ColorFade(Self.Fill, -15%)",
            "NameMapSourceSchema": "?",
            "IsLockable": false,
            "AFDDataSourceName": ""
          },
          "DisabledBorderColor",
          "PressedBorderColor",
          "HoverBorderColor",
          "BorderStyle",
          "FocusedBorderColor",
          "Color",
          "DisabledColor",
          "PressedColor",
          "HoverColor",
          "DisplayMode",
          {
            "InvariantPropertyName": "Fill",
            "AutoRuleBindingEnabled": false,
            "AutoRuleBindingString": "RGBA(68, 57, 38, 1)",
            "NameMapSourceSchema": "?",
            "IsLockable": false,
            "AFDDataSourceName": ""
          },
          "DisabledFill",
          "PressedFill",
          "HoverFill",
          "Font",
          "FontWeight",
          "Align",
          "VerticalAlign",
          "X",
          "Y",
          "Width",
          "Height",
          "ZIndex",
          "RadiusTopLeft",
          "RadiusTopRight",
          "RadiusBottomLeft",
          "RadiusBottomRight",
          "BorderThickness",
          "FocusedBorderThickness",
          "Size",
          "Italic",
          "Underline",
          "Strikethrough"
        ],
        "IsLocked": false,
        "ControlUniqueId": "150",
        "Children": []
      },
      {
        "Type": "ControlInfo",
        "Name": "Rectangle2_2",
        "HasDynamicProperties": false,
        "Template": {
          "Id": "http://microsoft.com/appmagic/shapes/rectangle",
          "Version": "2.3.0",
          "LastModifiedTimestamp": "0",
          "Name": "rectangle",
          "FirstParty": true,
          "IsPremiumPcfControl": false,
          "IsCustomGroupControlTemplate": false,
          "CustomGroupControlTemplateName": "",
          "IsComponentDefinition": false,
          "OverridableProperties": {}
        },
        "Index": 0,
        "PublishOrderIndex": 118,
        "VariantName": "",
        "LayoutName": "",
        "MetaDataIDKey": "",
        "PersistMetaDataIDKey": false,
        "IsFromScreenLayout": false,
        "StyleName": "defaultRectangleStyle",
        "Parent": "MainScreen_revision_V2",
        "IsDataControl": false,
        "AllowAccessToGlobals": true,
        "OptimizeForDevices": "Off",
        "IsGroupControl": false,
        "IsAutoGenerated": false,
        "Rules": [
          {
            "Property": "Fill",
            "Category": "Design",
            "InvariantScript": "RGBA(75 ,100, 150, 1)",
            "RuleProviderType": "User"
          },
          {
            "Property": "DisabledFill",
            "Category": "Design",
            "InvariantScript": "Self.Fill",
            "RuleProviderType": "Unknown"
          },
          {
            "Property": "PressedFill",
            "Category": "Design",
            "InvariantScript": "Self.Fill",
            "RuleProviderType": "Unknown"
          },
          {
            "Property": "HoverFill",
            "Category": "Design",
            "InvariantScript": "Self.Fill",
            "RuleProviderType": "Unknown"
          },
          {
            "Property": "BorderColor",
            "Category": "Design",
            "InvariantScript": "RGBA(0,0,0,1)",
            "RuleProviderType": "User"
          },
          {
            "Property": "BorderStyle",
            "Category": "Design",
            "InvariantScript": "BorderStyle.Solid",
            "RuleProviderType": "Unknown"
          },
          {
            "Property": "FocusedBorderColor",
            "Category": "Design",
            "InvariantScript": "Self.BorderColor",
            "RuleProviderType": "Unknown"
          },
          {
            "Property": "DisplayMode",
            "Category": "Design",
            "InvariantScript": "DisplayMode.Edit",
            "RuleProviderType": "Unknown"
          },
          {
            "Property": "X",
            "Category": "Design",
            "InvariantScript": "0",
            "RuleProviderType": "Unknown"
          },
          {
            "Property": "Y",
            "Category": "Design",
            "InvariantScript": "1082",
            "RuleProviderType": "Unknown"
          },
          {
            "Property": "Width",
            "Category": "Design",
            "InvariantScript": "639",
            "RuleProviderType": "Unknown"
          },
          {
            "Property": "Height",
            "Category": "Design",
            "InvariantScript": "52",
            "RuleProviderType": "Unknown"
          },
          {
            "Property": "ZIndex",
            "Category": "Design",
            "InvariantScript": "8",
            "RuleProviderType": "Unknown"
          },
          {
            "Property": "BorderThickness",
            "Category": "Design",
            "InvariantScript": "2",
            "RuleProviderType": "Unknown"
          },
          {
            "Property": "FocusedBorderThickness",
            "Category": "Design",
            "InvariantScript": "2",
            "RuleProviderType": "Unknown"
          }
        ],
        "ControlPropertyState": [
          {
            "InvariantPropertyName": "Fill",
            "AutoRuleBindingEnabled": false,
            "AutoRuleBindingString": "RGBA(68, 57, 38, 1)",
            "NameMapSourceSchema": "?",
            "IsLockable": false,
            "AFDDataSourceName": ""
          },
          "DisabledFill",
          "PressedFill",
          "HoverFill",
          {
            "InvariantPropertyName": "BorderColor",
            "AutoRuleBindingEnabled": false,
            "AutoRuleBindingString": "RGBA(119, 77, 3, 1)",
            "NameMapSourceSchema": "?",
            "IsLockable": false,
            "AFDDataSourceName": ""
          },
          "BorderStyle",
          "FocusedBorderColor",
          "DisplayMode",
          "X",
          "Y",
          "Width",
          "Height",
          "ZIndex",
          {
            "InvariantPropertyName": "BorderThickness",
            "AutoRuleBindingEnabled": false,
            "AutoRuleBindingString": "0",
            "NameMapSourceSchema": "?",
            "IsLockable": false,
            "AFDDataSourceName": ""
          },
          "FocusedBorderThickness"
        ],
        "IsLocked": false,
        "ControlUniqueId": "151",
        "Children": []
      }
    ]
  }
}