{
  "TopParent": {
    "Type": "ControlInfo",
    "Name": "App",
    "Template": {
      "Id": "http://microsoft.com/appmagic/appinfo",
      "Version": "1.0",
      "LastModifiedTimestamp": "0",
      "Name": "appinfo",
      "FirstParty": true,
      "IsPremiumPcfControl": false,
      "IsCustomGroupControlTemplate": false,
      "CustomGroupControlTemplateName": "",
      "IsComponentDefinition": false,
      "OverridableProperties": {}
    },
    "Index": 0,
    "PublishOrderIndex": 0,
    "VariantName": "",
    "LayoutName": "",
    "MetaDataIDKey": "",
    "PersistMetaDataIDKey": false,
    "IsFromScreenLayout": false,
    "StyleName": "",
    "Parent": "",
    "IsDataControl": true,
    "AllowAccessToGlobals": true,
    "OptimizeForDevices": "Off",
    "IsGroupControl": false,
    "IsAutoGenerated": false,
    "Rules": [
      {
        "Property": "ConfirmExit",
        "Category": "Data",
        "InvariantScript": "true",
        "RuleProviderType": "Unknown"
      },
      {
        "Property": "BackEnabled",
        "Category": "Data",
        "InvariantScript": "true",
        "RuleProviderType": "Unknown"
      },
      {
        "Property": "MinScreenHeight",
        "Category": "Design",
        "InvariantScript": "640",
        "RuleProviderType": "Unknown"
      },
      {
        "Property": "MinScreenWidth",
        "Category": "Design",
        "InvariantScript": "640",
        "RuleProviderType": "Unknown"
      },
      {
        "Property": "Theme",
        "Category": "Design",
        "InvariantScript": "PowerAppsTheme",
        "RuleProviderType": "Unknown"
      },
      {
        "Property": "OnStart",
        "Category": "Behavior",
        "InvariantScript": "//ClearCollect(DropDownStrt, {text:\"...\", value: \" \"})\r\n\r\nClearCollect(MedicalServicesCategories, [\"Hospital\", \"Dentist\", \"Vets\", \"Med Lab\", \"State Ambulance\"]);\r\nClearCollect(ImportantLocationsCategories, [\"Important Places\", \"School\"]);\r\nClearCollect(CLOVendorsCategories, [\"CLO Vendors\"]);\r\nClearCollect(RestaurantsCatagories, [\"Restaurant\", \"Restaurants\",\"Cafe\", \"Cafes\"]);\r\nClearCollect(OtherCategories, [\"Electronics Stores\", \"Cellphone Providers\", \"Car Maintainance\", \"Art Store\", \"Towel Store\", \"Turkish Products\"]);",
        "RuleProviderType": "User"
      },
      {
        "Property": "SizeBreakpoints",
        "Category": "ConstantData",
        "InvariantScript": "[1200, 1800, 2400]",
        "RuleProviderType": "Unknown"
      },
      {
        "Property": "StartScreen",
        "Category": "OnDemandData",
        "InvariantScript": "MainScreen_revision_V1",
        "RuleProviderType": "User"
      }
    ],
    "ControlPropertyState": [
      "MinScreenHeight",
      "MinScreenWidth",
      {
        "InvariantPropertyName": "ConfirmExit",
        "AutoRuleBindingEnabled": false,
        "AutoRuleBindingString": "",
        "NameMapSourceSchema": "?",
        "IsLockable": false,
        "AFDDataSourceName": ""
      },
      "SizeBreakpoints",
      {
        "InvariantPropertyName": "BackEnabled",
        "AutoRuleBindingEnabled": false,
        "AutoRuleBindingString": "",
        "NameMapSourceSchema": "?",
        "IsLockable": false,
        "AFDDataSourceName": ""
      },
      {
        "InvariantPropertyName": "OnStart",
        "AutoRuleBindingEnabled": false,
        "AutoRuleBindingString": "",
        "NameMapSourceSchema": "?",
        "IsLockable": false,
        "AFDDataSourceName": ""
      },
      "Theme",
      {
        "InvariantPropertyName": "StartScreen",
        "AutoRuleBindingEnabled": false,
        "AutoRuleBindingString": "",
        "NameMapSourceSchema": "?",
        "IsLockable": false,
        "AFDDataSourceName": ""
      }
    ],
    "IsLocked": false,
    "ControlUniqueId": "1",
    "Children": []
  }
}