{
  "Author": "",
  "Name": "Mission Türkiye Guide",
  "Id": "97ed5953-35e4-4158-91c0-f52ee05f6283",
  "FileID": "7854a95f-cbd1-4639-8ec4-adec946e489a",
  "LocalConnectionReferences": "{\"f6ea7eb1-8d7c-4ad7-86b8-4d260f58a8a1\":{\"id\":\"f6ea7eb1-8d7c-4ad7-86b8-4d260f58a8a1\",\"connectionInstanceId\":\"/providers/microsoft.powerapps/apis/shared_sharepointonline/connections/ad0013182a9b45e294c68957195c30a8\",\"dataSources\":[\"Mission Turkiye Guide\"],\"datasets\":{\"https://usdos.sharepoint.com/sites/Ankara/mgmt\":{\"dataSources\":{\"Mission Turkiye Guide\":{\"tableName\":\"e5d3b51f-4800-4e60-a24e-ece7764fd3f3\"}}}},\"dependencies\":{},\"dependents\":[],\"connectionRef\":{\"id\":\"/providers/microsoft.powerapps/apis/shared_sharepointonline\",\"displayName\":\"SharePoint\",\"apiTier\":\"Standard\",\"iconUri\":\"https://connectoricons-prod.azureedge.net/u/jayawan/releases/v1.0.1697/1.0.1697.3786/sharepointonline/icon.png\",\"parameterHints\":{},\"parameterHintsV2\":{}},\"appActions\":[\"providers/PowerPlatform.Governance/Operations/Read\",\"providers/PowerPlatform.Governance/Operations/Write\",\"providers/PowerPlatform.Governance/Operations/Delete\"]}}",
  "LocalDatabaseReferences": "",
  "LibraryDependencies": "[]",
  "AppPreviewFlagsMap": {
    "delayloadscreens": true,
    "errorhandling": false,
    "enableappembeddingux": false,
    "blockmovingcontrol": true,
    "projectionmapping": true,
    "usedisplaynamemetadata": true,
    "usenonblockingonstartrule": true,
    "longlivingcache": false,
    "useguiddatatypes": true,
    "useexperimentalcdsconnector": true,
    "useenforcesavedatalimits": true,
    "webbarcodescanner": false,
    "reliableconcurrent": true,
    "parallelcodegen": false,
    "datatablev2control": true,
    "nativecdsexperimental": true,
    "delaycontrolrendering": false,
    "useexperimentalsqlconnector": true,
    "disablecdsfileandlargeimage": false,
    "formuladataprefetch": true,
    "generatedebugpublishedapp": false,
    "keeprecentscreensloaded": false,
    "aibuilderserviceenrollment": false,
    "dynamicschema": false,
    "enablerowscopeonetonexpand": false,
    "herocontrols": false,
    "classiccontrols": false,
    "fluentv9controls": false,
    "fluentv9controlspreview": false,
    "onegrid": false,
    "enablepcfmoderndatasets": true,
    "optimizedforteamsmeeting": false,
    "behaviorpropertyui": false,
    "autocreateenvironmentvariables": false,
    "externalmessage": false,
    "enableonstartnavigate": false,
    "enableexcelonlinebusinessv2connector": true,
    "enableonstart": true,
    "exportimportcomponents2": true,
    "copyandmerge": false,
    "allowmultiplescreensincanvaspages": false,
    "enablecomponentscopeoldbehavior": false,
    "enablecomponentnamemaps": false,
    "enableideaspanel": true,
    "enablesaveloadcleardataonweb": false,
    "rtlsupport": false,
    "improvedtabstopbehavior": false,
    "rtlinstudiopreview": false,
    "cdsdataformatting": false,
    "enablerpawarecomponentdependency": true,
    "enableeditcacherefreshfrequency": false,
    "formularepair": false,
    "expandedsavedatasupport": true,
    "appinsightserrortracing": false,
    "appinstrumentationcorrelationtracing": false,
    "powerfxv1": false,
    "zeroalltabindexes": false,
    "dataverseactionsenabled": false,
    "pdffunction": false,
    "packagemodernruntime": false,
    "enablecopilotcontrol": false,
    "enablecopilotanswercontrol": false,
    "disableruntimepolicies": false,
    "enablechatbotfeature": false,
    "enablelegacybarcodescanner": false,
    "enabledataverseoffline": false,
    "mobilenativerendering": false,
    "smartemaildatacard": false,
    "enableupdateifdelegation": false,
    "dataflowanalysisenabled": false,
    "showclassicthemes": false,
    "userdefinedfunctions": false,
    "sqlstoredprocedureenabled": false,
    "enableeditinmcs": false,
    "disablebehaviorreturntypecheck": false,
    "commentgeneratedformulasv2": false,
    "enablecanvasappruntimecopilot": false,
    "legacyformulabar": false,
    "offlineprofilegenerationemitscolumns": false,
    "tabledoesntwraprecords": true,
    "consistentreturnschemafortabularfunctions": true,
    "supportcolumnnamesasidentifiers": true,
    "powerfxdecimal": false,
    "reservedkeywords": false,
    "isemptyrequirestableargument": true,
    "primaryoutputpropertycoerciondeprecated": true
  },
  "DocumentLayoutWidth": 640,
  "DocumentLayoutHeight": 1136,
  "DocumentLayoutOrientation": "portrait",
  "DocumentLayoutScaleToFit": true,
  "DocumentLayoutMaintainAspectRatio": true,
  "DocumentLayoutLockOrientation": false,
  "ShowStatusBar": false,
  "OriginatingVersion": "1.326",
  "DocumentAppType": "Phone",
  "DocumentType": "App",
  "AppCreationSource": "AppFromSharePoint",
  "AppDescription": "",
  "ManualOfflineProfileId": "",
  "DefaultConnectedDataSourceMaxGetRowsCount": 500,
  "ContainsThirdPartyPcfControls": false,
  "ParserErrorCount": 0,
  "BindingErrorCount": 16,
  "InstrumentationKey": "",
  "EnableInstrumentation": false,
  "ControlCount": {
    "screen": 11,
    "rectangle": 15,
    "label": 84,
    "icon": 25,
    "text": 20,
    "gallery": 3,
    "galleryTemplate": 3,
    "formViewer": 2,
    "typedDataCard": 23,
    "form": 1,
    "attachments": 1,
    "image": 7,
    "dropdown": 3,
    "button": 17
  },
  "DeserializationLoadTime": 3.2730252,
  "AnalysisLoadTime": 1.9474276
}