{
  "DataSources": [
    {
      "Name": "Mission Turkiye Guide",
      "IsSampleData": false,
      "IsWritable": true,
      "Type": "ConnectedDataSourceInfo",
      "DatasetName": "https://usdos.sharepoint.com/sites/Ankara/mgmt",
      "TableName": "e5d3b51f-4800-4e60-a24e-ece7764fd3f3",
      "ApiId": "/providers/microsoft.powerapps/apis/shared_sharepointonline",
      "EncodeDataset": true,
      "CdpRevision": {
        "RevisionNumber": 1,
        "BaseUrl": "/",
        "LastChangedTimeString": "2024-07-05T16:33:43.9010000Z"
      },
      "DataEntityMetadataJson": {
        "e5d3b51f-4800-4e60-a24e-ece7764fd3f3": "{\"name\":\"e5d3b51f-4800-4e60-a24e-ece7764fd3f3\",\"title\":\"Mission Turkiye Guide\",\"x-ms-permission\":\"read-write\",\"x-ms-capabilities\":{\"sortRestrictions\":{\"sortable\":true,\"unsortableProperties\":[\"Telephone_x0020_No\",\"Location_x0020_Notes\",\"{Identifier}\",\"{IsFolder}\",\"{Thumbnail}\",\"{Link}\",\"{Name}\",\"{FilenameWithExtension}\",\"{Path}\",\"{FullPath}\",\"{ModerationStatus}\",\"{ModerationComment}\",\"{HasAttachments}\",\"{Attachments}\",\"{VersionNumber}\",\"{TriggerWindowStartToken}\",\"{TriggerWindowEndToken}\"]},\"filterRestrictions\":{\"filterable\":true,\"nonFilterableProperties\":[\"Telephone_x0020_No\",\"Location_x0020_Notes\",\"{Identifier}\",\"{IsFolder}\",\"{Thumbnail}\",\"{Link}\",\"{Name}\",\"{FilenameWithExtension}\",\"{Path}\",\"{FullPath}\",\"{ModerationStatus}\",\"{ModerationComment}\",\"{HasAttachments}\",\"{Attachments}\",\"{VersionNumber}\",\"{TriggerWindowStartToken}\",\"{TriggerWindowEndToken}\"]},\"isOnlyServerPagable\":true,\"filterFunctionSupport\":[\"and\",\"or\",\"eq\",\"startswith\",\"gt\",\"ge\",\"lt\",\"le\",\"ne\"],\"serverPagingOptions\":[\"top\",\"skiptoken\"],\"odataVersion\":3},\"schema\":{\"type\":\"array\",\"items\":{\"type\":\"object\",\"required\":[],\"properties\":{\"ID\":{\"title\":\"ID\",\"description\":\"List item id. Use this value for specifying the item to act on in other list related actions.\",\"type\":\"integer\",\"format\":\"int64\",\"x-ms-keyType\":\"primary\",\"x-ms-keyOrder\":1,\"x-ms-permission\":\"read-only\",\"x-ms-sort\":\"asc,desc\",\"x-ms-capabilities\":{\"filterFunctions\":[\"eq\"]}},\"Title\":{\"title\":\"Title\",\"type\":\"string\",\"x-ms-permission\":\"read-write\",\"x-ms-sort\":\"asc,desc\",\"x-ms-capabilities\":{\"filterFunctions\":[\"eq\",\"startswith\"]},\"maxLength\":255},\"Host\":{\"title\":\"Post\",\"type\":\"string\",\"x-ms-permission\":\"read-write\",\"x-ms-sort\":\"asc,desc\",\"x-ms-capabilities\":{\"filterFunctions\":[\"eq\",\"startswith\"]},\"maxLength\":255},\"Section\":{\"title\":\"Category\",\"type\":\"string\",\"x-ms-permission\":\"read-write\",\"x-ms-sort\":\"asc,desc\",\"x-ms-capabilities\":{\"filterFunctions\":[\"eq\",\"startswith\"]},\"maxLength\":255},\"PlaceName\":{\"title\":\"PlaceName\",\"type\":\"string\",\"x-ms-permission\":\"read-write\",\"x-ms-sort\":\"asc,desc\",\"x-ms-capabilities\":{\"filterFunctions\":[\"eq\",\"startswith\"]},\"maxLength\":255},\"Address1_Street\":{\"title\":\"Address1_Street\",\"type\":\"string\",\"x-ms-permission\":\"read-write\",\"x-ms-sort\":\"asc,desc\",\"x-ms-capabilities\":{\"filterFunctions\":[\"eq\",\"startswith\"]},\"maxLength\":255},\"Address2_No\":{\"title\":\"Address2_No\",\"type\":\"string\",\"x-ms-permission\":\"read-write\",\"x-ms-sort\":\"asc,desc\",\"x-ms-capabilities\":{\"filterFunctions\":[\"eq\",\"startswith\"]},\"maxLength\":255},\"Address3_District\":{\"title\":\"Address3_District\",\"type\":\"string\",\"x-ms-permission\":\"read-write\",\"x-ms-sort\":\"asc,desc\",\"x-ms-capabilities\":{\"filterFunctions\":[\"eq\",\"startswith\"]},\"maxLength\":255},\"Latitude\":{\"title\":\"LnL\",\"type\":\"string\",\"x-ms-permission\":\"read-write\",\"x-ms-sort\":\"asc,desc\",\"x-ms-capabilities\":{\"filterFunctions\":[\"eq\",\"startswith\"]},\"maxLength\":255},\"Telephone_x0020_No\":{\"title\":\"Telephone_No\",\"type\":\"string\",\"x-ms-permission\":\"read-write\",\"x-ms-sort\":\"none\"},\"POC\":{\"title\":\"POC\",\"type\":\"string\",\"x-ms-permission\":\"read-write\",\"x-ms-sort\":\"asc,desc\",\"x-ms-capabilities\":{\"filterFunctions\":[\"eq\",\"startswith\"]},\"maxLength\":255},\"Location_x0020_Notes\":{\"title\":\"Location_Notes\",\"type\":\"string\",\"x-ms-permission\":\"read-write\",\"x-ms-sort\":\"none\",\"format\":\"html\"},\"ComplianceAssetId\":{\"title\":\"Compliance Asset Id\",\"type\":\"string\",\"x-ms-permission\":\"read-only\",\"x-ms-sort\":\"asc,desc\",\"x-ms-capabilities\":{\"filterFunctions\":[\"eq\",\"startswith\"]},\"maxLength\":255},\"OData__ColorTag\":{\"title\":\"Color Tag\",\"type\":\"string\",\"x-ms-permission\":\"read-only\",\"x-ms-sort\":\"asc,desc\",\"x-ms-capabilities\":{\"filterFunctions\":[\"eq\",\"startswith\"]},\"maxLength\":255},\"Modified\":{\"title\":\"Modified\",\"description\":\"When this item was last changed.\",\"type\":\"string\",\"format\":\"date-time\",\"x-ms-permission\":\"read-only\",\"x-ms-sort\":\"asc,desc\",\"x-ms-capabilities\":{\"filterFunctions\":[\"eq\",\"gt\",\"ge\",\"lt\",\"le\",\"ne\"]}},\"Created\":{\"title\":\"Created\",\"description\":\"When this item was created.\",\"type\":\"string\",\"format\":\"date-time\",\"x-ms-permission\":\"read-only\",\"x-ms-sort\":\"asc,desc\",\"x-ms-capabilities\":{\"filterFunctions\":[\"eq\",\"gt\",\"ge\",\"lt\",\"le\",\"ne\"]}},\"Author#Claims\":{\"title\":\"Created By Claims\",\"type\":\"string\",\"description\":\"Internal identifier for the user who created this item.\",\"x-ms-permission\":\"read-only\",\"x-ms-visibility\":\"internal\"},\"Author\":{\"title\":\"Created By\",\"description\":\"The user who created this item.\",\"type\":\"object\",\"x-ms-permission\":\"read-only\",\"x-ms-sort\":\"asc,desc\",\"x-ms-capabilities\":{\"filterFunctions\":[\"eq\"]},\"properties\":{\"@odata.type\":{\"title\":\"@odata.type\",\"x-ms-visibility\":\"internal\",\"type\":\"string\",\"x-ms-permission\":\"read-only\"},\"Claims\":{\"title\":\"Claims\",\"type\":\"string\",\"description\":\"Internal identifier for the user who created this item.\",\"x-ms-permission\":\"read-only\",\"x-ms-dynamic-values\":{\"operationId\":\"GetEntityValues\",\"parameters\":{\"dataset\":{\"parameter\":\"dataset\"},\"table\":{\"parameter\":\"table\"},\"id\":\"1df5e554-ec7e-46a6-901d-d85a3881cb18\"},\"value-path\":\"Claims\",\"value-title\":\"DisplayName\",\"value-collection\":\"value\"}},\"DisplayName\":{\"title\":\"DisplayName\",\"type\":\"string\",\"description\":\"The name of the user who created this item.\",\"x-ms-permission\":\"read-only\",\"x-ms-capabilities\":{\"x-ms-sp\":{\"OdataQueryName\":\"Title\"},\"filterFunctions\":[\"eq\",\"startswith\"]}},\"Email\":{\"title\":\"Email\",\"type\":\"string\",\"description\":\"Email address of the user who created this item.\",\"format\":\"email\",\"x-ms-permission\":\"read-only\",\"x-ms-capabilities\":{\"x-ms-sp\":{\"OdataQueryName\":\"EMail\"},\"filterFunctions\":[\"eq\",\"startswith\"]}},\"Picture\":{\"title\":\"Picture\",\"type\":\"string\",\"description\":\"Link to a picture of the user who created this item.\",\"format\":\"uri\",\"x-ms-media-kind\":\"image\",\"x-ms-media-default-folder-path\":\"/sites/Ankara/mgmt\",\"x-ms-media-base-url\":\"https://usdos.sharepoint.com/sites/Ankara/mgmt\",\"x-ms-permission\":\"read-only\"},\"Department\":{\"title\":\"Department\",\"type\":\"string\",\"description\":\"Department name of the user who created this item.\",\"x-ms-permission\":\"read-only\"},\"JobTitle\":{\"title\":\"JobTitle\",\"type\":\"string\",\"description\":\"Job title of the user who created this item.\",\"x-ms-permission\":\"read-only\"}},\"x-ms-displayFormat\":{\"titleProperty\":\"DisplayName\",\"subtitleProperty\":\"Email\",\"thumbnailProperty\":\"Picture\"}},\"Editor#Claims\":{\"title\":\"Modified By Claims\",\"type\":\"string\",\"description\":\"Internal identifier for the user who last changed this item.\",\"x-ms-permission\":\"read-only\",\"x-ms-visibility\":\"internal\"},\"Editor\":{\"title\":\"Modified By\",\"description\":\"The user who last changed this item.\",\"type\":\"object\",\"x-ms-permission\":\"read-only\",\"x-ms-sort\":\"asc,desc\",\"x-ms-capabilities\":{\"filterFunctions\":[\"eq\"]},\"properties\":{\"@odata.type\":{\"title\":\"@odata.type\",\"x-ms-visibility\":\"internal\",\"type\":\"string\",\"x-ms-permission\":\"read-only\"},\"Claims\":{\"title\":\"Claims\",\"type\":\"string\",\"description\":\"Internal identifier for the user who last changed this item.\",\"x-ms-permission\":\"read-only\",\"x-ms-dynamic-values\":{\"operationId\":\"GetEntityValues\",\"parameters\":{\"dataset\":{\"parameter\":\"dataset\"},\"table\":{\"parameter\":\"table\"},\"id\":\"d31655d1-1d5b-4511-95a1-7a09e9b75bf2\"},\"value-path\":\"Claims\",\"value-title\":\"DisplayName\",\"value-collection\":\"value\"}},\"DisplayName\":{\"title\":\"DisplayName\",\"type\":\"string\",\"description\":\"The name of the user who last changed this item.\",\"x-ms-permission\":\"read-only\",\"x-ms-capabilities\":{\"x-ms-sp\":{\"OdataQueryName\":\"Title\"},\"filterFunctions\":[\"eq\",\"startswith\"]}},\"Email\":{\"title\":\"Email\",\"type\":\"string\",\"description\":\"Email address of the user who last changed this item.\",\"format\":\"email\",\"x-ms-permission\":\"read-only\",\"x-ms-capabilities\":{\"x-ms-sp\":{\"OdataQueryName\":\"EMail\"},\"filterFunctions\":[\"eq\",\"startswith\"]}},\"Picture\":{\"title\":\"Picture\",\"type\":\"string\",\"description\":\"Link to a picture of the user who last changed this item.\",\"format\":\"uri\",\"x-ms-media-kind\":\"image\",\"x-ms-media-default-folder-path\":\"/sites/Ankara/mgmt\",\"x-ms-media-base-url\":\"https://usdos.sharepoint.com/sites/Ankara/mgmt\",\"x-ms-permission\":\"read-only\"},\"Department\":{\"title\":\"Department\",\"type\":\"string\",\"description\":\"Department name of the user who last changed this item.\",\"x-ms-permission\":\"read-only\"},\"JobTitle\":{\"title\":\"JobTitle\",\"type\":\"string\",\"description\":\"Job title of the user who last changed this item.\",\"x-ms-permission\":\"read-only\"}},\"x-ms-displayFormat\":{\"titleProperty\":\"DisplayName\",\"subtitleProperty\":\"Email\",\"thumbnailProperty\":\"Picture\"}},\"{Identifier}\":{\"title\":\"Identifier\",\"description\":\"Value that can be used in file related actions for selecting a file.\",\"type\":\"string\",\"x-ms-permission\":\"read-only\",\"x-ms-sort\":\"none\"},\"{IsFolder}\":{\"title\":\"IsFolder\",\"description\":\"True when the item is a folder, false otherwise.\",\"type\":\"boolean\",\"x-ms-permission\":\"read-only\",\"x-ms-sort\":\"none\"},\"{Thumbnail}\":{\"title\":\"Thumbnail\",\"description\":\"URL to the thumbnails of the item in 3 different sizes, if available.\",\"type\":\"object\",\"x-ms-permission\":\"read-only\",\"x-ms-sort\":\"none\",\"properties\":{\"@odata.type\":{\"title\":\"@odata.type\",\"x-ms-visibility\":\"internal\",\"type\":\"string\",\"x-ms-permission\":\"read-only\"},\"Small\":{\"title\":\"Small\",\"type\":\"string\",\"description\":\"URL to the small, highly compressed size thumbnail of the item, if available.\",\"x-ms-permission\":\"read-only\"},\"Medium\":{\"title\":\"Medium\",\"type\":\"string\",\"description\":\"URL to the standard size thumbnail of the item, if available.\",\"x-ms-permission\":\"read-only\"},\"Large\":{\"title\":\"Large\",\"type\":\"string\",\"description\":\"URL to the largest size thumbnail of the item, if available.\",\"x-ms-permission\":\"read-only\"}}},\"{Link}\":{\"title\":\"Link to item\",\"description\":\"Link that can be used to get to the file or list item. Only people with permissions to the item will be able to open the link.\",\"type\":\"string\",\"x-ms-permission\":\"read-only\",\"x-ms-sort\":\"none\"},\"{Name}\":{\"title\":\"Name\",\"description\":\"File name of the item in document libraries, display name of the item in lists.\",\"type\":\"string\",\"x-ms-permission\":\"read-only\",\"x-ms-sort\":\"none\"},\"{FilenameWithExtension}\":{\"title\":\"File name with extension\",\"description\":\"For libraries, returns file name including extension. For lists, returns the title property.\",\"type\":\"string\",\"x-ms-permission\":\"read-only\",\"x-ms-sort\":\"none\"},\"{Path}\":{\"title\":\"Folder path\",\"description\":\"Path to the folder the item is in, relative to the site address.\",\"type\":\"string\",\"x-ms-permission\":\"read-only\",\"x-ms-sort\":\"none\"},\"{FullPath}\":{\"title\":\"Full Path\",\"description\":\"Full path of an item or a folder or a file\",\"type\":\"string\",\"x-ms-permission\":\"read-only\",\"x-ms-sort\":\"none\"},\"{ModerationStatus}\":{\"title\":\"Content approval status\",\"description\":\"The content approval status. It can be one of the following: Draft, Pending, Approved, or Rejected\",\"type\":\"string\",\"x-ms-permission\":\"read-only\",\"x-ms-sort\":\"none\"},\"{ModerationComment}\":{\"title\":\"Comments associated with the content approval of this list item\",\"description\":\"The comments associated with moderation of the list item.\",\"type\":\"string\",\"x-ms-permission\":\"read-only\",\"x-ms-sort\":\"none\"},\"{HasAttachments}\":{\"title\":\"Has attachments\",\"description\":\"Indicates the presence of attachments in the item.\",\"type\":\"boolean\",\"x-ms-permission\":\"read-only\",\"x-ms-sort\":\"none\"},\"{Attachments}@odata.type\":{\"title\":\"{Attachments}\",\"type\":\"string\",\"x-ms-visibility\":\"internal\",\"x-ms-permission\":\"read-write\"},\"{Attachments}\":{\"title\":\"Attachments\",\"description\":\"Never returns any data. Use Attachment endpoints to access item attachments.\",\"x-ms-permission\":\"read-write\",\"targetEntity\":\"attachments\",\"format\":\"x-ms-containedMediaEntity\",\"x-ms-visibility\":\"internal\",\"type\":\"array\",\"items\":{\"type\":\"object\",\"format\":\"x-ms-mediaEntity\",\"x-ms-sort\":\"none\",\"properties\":{\"@odata.type\":{\"title\":\"@odata.type\",\"x-ms-visibility\":\"internal\",\"type\":\"string\",\"x-ms-permission\":\"read-write\"},\"Id\":{\"title\":\"Id\",\"type\":\"string\",\"x-ms-keyType\":\"primary\",\"x-ms-keyOrder\":1,\"x-ms-permission\":\"read-only\"},\"AbsoluteUri\":{\"title\":\"AbsoluteUri\",\"type\":\"string\",\"format\":\"uri\",\"x-ms-permission\":\"read-only\"},\"DisplayName\":{\"title\":\"DisplayName\",\"type\":\"string\",\"x-ms-permission\":\"read-only\"}}},\"@odata.type\":\"#Collection(Microsoft.Azure.Connectors.SharePoint.SPListItemAttachment)\"},\"{VersionNumber}\":{\"title\":\"Version number\",\"description\":\"The version number of the file or the list item.\",\"type\":\"string\",\"x-ms-permission\":\"read-only\",\"x-ms-sort\":\"none\"},\"{TriggerWindowStartToken}\":{\"title\":\"Trigger Window Start Token\",\"description\":\"A token expressing the time of the last flow check. Use this if you want to check if one or more columns were modified since the last flow check.\",\"type\":\"string\",\"x-ms-permission\":\"read-only\",\"x-ms-sort\":\"none\"},\"{TriggerWindowEndToken}\":{\"title\":\"Trigger Window End Token\",\"description\":\"A token expressing the time of the current flow check. Use this if you want to check if one or more columns were modified since the last flow check.\",\"type\":\"string\",\"x-ms-permission\":\"read-only\",\"x-ms-sort\":\"none\"}},\"x-ms-relationships\":{\"Author\":{\"targetEntity\":\"Author\",\"referentialConstraints\":{\"Author#Claims\":{\"referencedProperty\":\"Claims\"}}},\"Editor\":{\"targetEntity\":\"Editor\",\"referentialConstraints\":{\"Editor#Claims\":{\"referencedProperty\":\"Claims\"}}}},\"x-ms-displayFormat\":{\"propertiesDisplayOrder\":[\"Title\",\"Section\",\"PlaceName\",\"Address1_Street\",\"Address2_No\",\"Address3_District\",\"Telephone_x0020_No\",\"POC\",\"Location_x0020_Notes\",\"Host\",\"Latitude\",\"{Attachments}\"],\"propertiesCompactDisplayOrder\":[\"Title\",\"Host\",\"Section\",\"PlaceName\",\"Address1_Street\",\"Address2_No\",\"Address3_District\",\"Latitude\",\"Telephone_x0020_No\",\"POC\",\"Location_x0020_Notes\"],\"propertiesTabularDisplayOrder\":[\"Title\",\"Host\",\"Section\",\"PlaceName\",\"Address1_Street\",\"Address2_No\",\"Address3_District\",\"Latitude\",\"Telephone_x0020_No\",\"POC\",\"Location_x0020_Notes\"]}}},\"referencedEntities\":{\"Author\":{\"lookupEndpoint\":{\"path\":\"/tables/e5d3b51f-4800-4e60-a24e-ece7764fd3f3/entities/Author\",\"capabilities\":{\"searchable\":true,\"requiresSearch\":false}}},\"Editor\":{\"lookupEndpoint\":{\"path\":\"/tables/e5d3b51f-4800-4e60-a24e-ece7764fd3f3/entities/Editor\",\"capabilities\":{\"searchable\":true,\"requiresSearch\":false}}}},\"webUrl\":\"https://usdos.sharepoint.com/sites/Ankara/mgmt/Lists/AnkaraGuide/AllItems.aspx\"}"
      },
      "ConnectedDataSourceInfoNameMapping": {
        "{VersionNumber}": "Version number",
        "POC": "POC",
        "Telephone_x0020_No": "Telephone_No",
        "Section": "Category",
        "Editor": "Modified By",
        "{HasAttachments}": "Has attachments",
        "Address3_District": "Address3_District",
        "Location_x0020_Notes": "Location_Notes",
        "{Name}": "Name",
        "{ModerationComment}": "Comments associated with the content approval of this list item",
        "Author": "Created By",
        "OData__ColorTag": "Color Tag",
        "{Path}": "Folder path",
        "Title": "Title",
        "Address2_No": "Address2_No",
        "PlaceName": "PlaceName",
        "Host": "Post",
        "Created": "Created",
        "{ModerationStatus}": "Content approval status",
        "{Thumbnail}": "Thumbnail",
        "{IsFolder}": "IsFolder",
        "{Link}": "Link to item",
        "Author#Claims": "Created By Claims",
        "{Identifier}": "Identifier",
        "ID": "ID",
        "Latitude": "LnL",
        "{Attachments}": "Attachments",
        "ComplianceAssetId": "Compliance Asset Id",
        "Modified": "Modified",
        "{FullPath}": "Full Path",
        "{TriggerWindowStartToken}": "Trigger Window Start Token",
        "{FilenameWithExtension}": "File name with extension",
        "Address1_Street": "Address1_Street",
        "{TriggerWindowEndToken}": "Trigger Window End Token",
        "{Attachments}@odata.type": "{Attachments} ({Attachments}@odata.type)",
        "Editor#Claims": "Modified By Claims"
      }
    },
    {
      "Name": "CustomGallerySample",
      "Schema": "*[SampleHeading:s, SampleImage:i, SampleText:s]",
      "IsSampleData": true,
      "IsWritable": false,
      "Type": "StaticDataSourceInfo",
      "OriginalSchema": "*[SampleHeading:s, SampleImage:i, SampleText:s]",
      "Data": "[{\"SampleHeading\":\"Lorem ipsum 1\",\"SampleImage\":\"/ctrllib/image/images/SampleImage.svg\",\"SampleText\":\"Lorem ipsum dolor sit amet, consectetur adipiscing elit.\"},{\"SampleHeading\":\"Lorem ipsum 2\",\"SampleImage\":\"/ctrllib/image/images/SampleImage.svg\",\"SampleText\":\"Suspendisse enim metus, tincidunt quis lobortis a, fringilla dignissim neque.\"},{\"SampleHeading\":\"Lorem ipsum 3\",\"SampleImage\":\"/ctrllib/image/images/SampleImage.svg\",\"SampleText\":\"Ut pharetra a dolor ac vehicula.\"},{\"SampleHeading\":\"Lorem ipsum 4\",\"SampleImage\":\"/ctrllib/image/images/SampleImage.svg\",\"SampleText\":\"Vestibulum dui felis, fringilla nec mi sed, tristique dictum nisi.\"}]",
      "OriginalName": "CustomGallerySample",
      "OrderedColumnNames": [
        "SampleImage",
        "SampleHeading",
        "SampleText"
      ]
    },
    {
      "Name": "DropDownSample",
      "Schema": "*[Value:s]",
      "IsSampleData": true,
      "IsWritable": false,
      "Type": "StaticDataSourceInfo",
      "OriginalSchema": "*[Value:s]",
      "Data": "[{\"Value\":\"1\"},{\"Value\":\"2\"},{\"Value\":\"3\"}]",
      "OriginalName": "DropDownSample",
      "OrderedColumnNames": [
        "Value"
      ]
    },
    {
      "Name": "ComboBoxSample",
      "Schema": "*[Value1:s, Value2:n, Value3:n]",
      "IsSampleData": true,
      "IsWritable": false,
      "Type": "StaticDataSourceInfo",
      "OriginalSchema": "*[Value1:s, Value2:n, Value3:n]",
      "Data": "[{\"Value1\":\"Item 1\",\"Value2\":1,\"Value3\":10},{\"Value1\":\"Item 2\",\"Value2\":2,\"Value3\":20},{\"Value1\":\"Item 3\",\"Value2\":3,\"Value3\":30},{\"Value1\":\"Item 4\",\"Value2\":4,\"Value3\":40},{\"Value1\":\"Item 5\",\"Value2\":5,\"Value3\":50},{\"Value1\":\"Item 6\",\"Value2\":6,\"Value3\":60},{\"Value1\":\"Item 7\",\"Value2\":7,\"Value3\":70},{\"Value1\":\"Item 8\",\"Value2\":8,\"Value3\":80},{\"Value1\":\"Item 9\",\"Value2\":9,\"Value3\":90},{\"Value1\":\"Item 10\",\"Value2\":10,\"Value3\":100},{\"Value1\":\"Item 11\",\"Value2\":11,\"Value3\":110},{\"Value1\":\"Item 12\",\"Value2\":12,\"Value3\":120},{\"Value1\":\"Item 13\",\"Value2\":13,\"Value3\":130},{\"Value1\":\"Item 14\",\"Value2\":14,\"Value3\":140},{\"Value1\":\"Item 15\",\"Value2\":15,\"Value3\":150}]",
      "OriginalName": "ComboBoxSample",
      "OrderedColumnNames": [
        "Value1",
        "Value2",
        "Value3"
      ]
    },
    {
      "Name": "RestaurantsCatagories",
      "IsSampleData": false,
      "IsWritable": true,
      "Type": "CollectionDataSourceInfo",
      "IsComponentScoped": false
    },
    {
      "Name": "CLOVendorsCategories",
      "IsSampleData": false,
      "IsWritable": true,
      "Type": "CollectionDataSourceInfo",
      "IsComponentScoped": false
    },
    {
      "Name": "ImportantLocationsCategories",
      "IsSampleData": false,
      "IsWritable": true,
      "Type": "CollectionDataSourceInfo",
      "IsComponentScoped": false
    },
    {
      "Name": "MedicalServicesCategories",
      "IsSampleData": false,
      "IsWritable": true,
      "Type": "CollectionDataSourceInfo",
      "IsComponentScoped": false
    },
    {
      "Name": "OtherCategories",
      "IsSampleData": false,
      "IsWritable": true,
      "Type": "CollectionDataSourceInfo",
      "IsComponentScoped": false
    }
  ]
}